Player,Country,Role,Auction_Team,Span,Mat,Bat_Inns,NO,Bat_Runs,HS,HS_NotOut,Bat_Ave,BF,Bat_SR,100,50,0,4s,6s,Bowl_Inns,Overs,Mdns,Bowl_Runs,Wkts,BBI,Bowl_Ave,Econ,Bowl_SR,4W,5W,Base_Price_Lakh,Auction_Price_Lakh,Auction_Price_Cr,log_Auction_Price,Price_Multiplier,Runs_per_Inns,Wkts_per_Mat,Boundary_Rate,Bowling_Contribution,Has_Batting,Has_Bowling,Is_Overseas,Low_Sample,Origin,Impact_Innings,Haul_Innings,Batting_Score,Bowling_Score,Overall_Score,Performance_Tier,Cluster_Id,Value_Cluster,Value_Gap
A Kamboj,India,All-rounder,Chennai Super Kings,2024-2026,25,10,6,74,19.0,True,18.5,52,142.3,0,0,1,5,4,25,81.5,0,816,31,Mar-13,26.32,9.97,15.8,0,0,30,340,3.4,5.828945617610208,11.333333333333334,7.4,1.24,0.173076923076923,3.26,True,True,0,0,India,0,0,-0.1660263694781857,0.2898904310063414,0.0391361907398514,Medium,2,Fair-value Mid-market,-0.738
A Madhwal,India,Bowler,Rajasthan Royals,2023-2025,17,2,2,8,4.0,True,,14,57.14,0,0,0,0,0,17,58.4,0,590,23,05-May,25.65,10.05,15.3,1,1,30,120,1.2,4.787491742782046,4.0,4.0,1.3529411764705883,0.0,3.4352941176470586,True,True,0,0,India,0,2,-0.8408021170052522,0.4456413083132368,0.2526747945154635,Medium,2,Fair-value Mid-market,0.368
A Manohar,India,Batter,Sunrisers Hyderabad,2022-2025,27,20,1,292,43.0,False,15.36,235,124.25,0,0,2,23,14,0,0.0,0,0,0,,,,,0,0,30,320,3.2,5.768320995793772,10.666666666666666,14.6,0.0,0.1574468085106383,0.0,True,False,0,0,India,0,0,-0.0281579415429455,,-0.0281579415429455,Medium,2,Fair-value Mid-market,-0.788
A Nortje,South Africa,Bowler,Kolkata Knight Riders,2020-2026,49,18,11,49,23.0,True,7.0,50,98.0,0,0,3,6,0,49,186.4,1,1696,61,Mar-33,27.8,9.08,18.3,0,0,200,650,6.5,6.476972362889683,3.25,2.7222222222222223,1.2448979591836735,0.12,3.8040816326530615,True,True,1,0,Overseas,0,0,-0.5350027986815287,0.5260810889111381,0.3669185057722381,Medium,3,High-performing but Expensive,-0.766
A Raghuvanshi,India,Wicket-keeper,Kolkata Knight Riders,2024-2026,35,30,4,885,82.0,True,34.03,608,145.55,0,7,0,86,35,0,0.0,0,0,0,,,,,0,0,30,300,3.0,5.703782474656201,10.0,29.5,0.0,0.1990131578947368,0.0,True,False,0,0,India,7,0,0.7097521882647242,,0.7097521882647242,High,3,High-performing but Expensive,0.319
A Taide,India,Batter,Sunrisers Hyderabad,2023-2025,10,10,0,260,66.0,False,26.0,177,146.89,0,2,1,30,8,1,0.1,0,4,0,,,24.0,,0,0,30,30,0.3,3.4011973816621555,1.0,26.0,0.0,0.2146892655367231,0.01,True,True,0,0,India,2,0,0.4321006479227378,-1.8112442825520545,0.2077661548752585,Medium,1,Low-cost / Low-impact,1.37
A Zampa,Australia,Bowler,Sunrisers Hyderabad,2016-2025,22,5,0,15,7.0,False,3.0,24,62.5,0,0,1,1,0,22,77.5,0,652,31,Jun-19,21.03,8.37,15.0,0,1,200,240,2.4,5.480638923341991,1.2,3.0,1.4090909090909092,0.0416666666666666,3.522727272727273,True,True,1,0,Overseas,0,1,-0.7851953794203179,0.6046579341442891,0.3961799371095981,High,2,Fair-value Mid-market,0.041
AA Kulkarni,India,All-rounder,Lucknow Super Giants,2024-2026,4,4,0,26,17.0,False,6.5,33,78.78,0,0,2,3,0,0,0.0,0,0,0,,,,,0,0,30,30,0.3,3.4011973816621555,1.0,6.5,0.0,0.0909090909090909,0.0,True,False,0,1,India,0,0,-0.5653690068239834,,-0.5653690068239834,Low,1,Low-cost / Low-impact,0.262
AK Markram,South Africa,Batter,Lucknow Super Giants,2021-2026,69,66,11,1671,68.0,True,30.38,1233,135.52,0,10,3,131,68,24,37.1,0,357,6,Feb-30,59.5,9.6,37.1,0,0,200,200,2.0,5.298317366548036,1.0,25.318181818181817,0.0869565217391304,0.1613949716139497,0.5376811594202898,True,True,1,0,Overseas,10,0,0.7544014317902695,-0.7875658357215695,0.6002047050390856,High,2,Fair-value Mid-market,0.474
AM Ghazanfar,Afghanistan,Bowler,Mumbai Indians,2026-2026,11,1,1,2,2.0,True,,3,66.66,0,0,0,0,0,11,38.5,0,389,15,Feb-17,25.93,10.01,15.5,0,0,75,480,4.8,6.173786103901937,6.4,2.0,1.3636363636363635,0.0,3.5,True,True,1,0,Overseas,0,0,-0.8529911003024462,0.2550941213755096,0.0888813381238162,Medium,3,High-performing but Expensive,-0.932
AM Rahane,India,Batter,Kolkata Knight Riders,2008-2026,212,197,19,5367,105.0,True,30.15,4273,125.6,2,35,15,539,141,1,1.0,0,5,1,01-May,5.0,5.0,6.0,0,0,150,150,1.5,5.010635294096256,1.0,27.243654822335024,0.0047169811320754,0.1591387783758483,0.0047169811320754,True,True,0,0,India,37,0,2.0254635834620425,-0.0474609251051573,1.8181711326053225,High,0,Undervalued / High-value,2.44
AR Sharma,India,Batter,Delhi Capitals,2024-2026,32,26,7,564,66.0,True,29.68,334,168.86,0,2,0,39,40,0,0.0,0,0,0,,,,,0,0,30,380,3.8,5.940171252720432,12.666666666666666,21.692307692307693,0.0,0.2365269461077844,0.0,True,False,0,0,India,2,0,0.5230732604616741,,0.5230732604616741,High,3,High-performing but Expensive,-0.13
AS Roy,India,All-rounder,Kolkata Knight Riders,2019-2026,26,14,6,78,29.0,True,9.75,64,121.87,0,0,5,6,2,22,53.5,0,479,15,Feb-19,31.93,8.89,21.5,0,0,30,40,0.4,3.688879454113936,1.3333333333333333,5.571428571428571,0.5769230769230769,0.125,2.0576923076923075,True,True,0,0,India,0,0,-0.3563336225077826,-0.1552637283531917,-0.2658521701382167,Low,1,Low-cost / Low-impact,0.47
AS Tendulkar,India,Bowler,Mumbai Indians,2023-2026,6,2,1,18,13.0,False,18.0,14,128.57,0,0,0,0,1,6,16.1,0,150,4,01-Sep,37.5,9.27,24.2,0,0,30,30,0.3,3.4011973816621555,1.0,9.0,0.6666666666666666,0.0714285714285714,2.6833333333333336,True,True,0,1,India,0,0,-0.3347168155829155,-0.2552881734996906,-0.2672024698121743,Low,1,Low-cost / Low-impact,0.689
AU Verma,India,Batter,Sunrisers Hyderabad,2025-2026,24,20,5,315,74.0,False,21.0,196,160.71,0,1,0,18,25,0,0.0,0,0,0,,,,,0,0,30,30,0.3,3.4011973816621555,1.0,15.75,0.0,0.2193877551020408,0.0,True,False,0,0,India,1,0,0.2470549785840862,,0.2470549785840862,Medium,1,Low-cost / Low-impact,1.426
Abdul Samad,India,All-rounder,Lucknow Super Giants,2020-2026,71,60,16,857,45.0,False,19.47,576,148.78,0,0,4,55,55,7,9.3,0,125,2,01-Sep,62.5,13.15,28.5,0,0,30,420,4.2,6.040254711277414,14.0,14.283333333333331,0.028169014084507,0.1909722222222222,0.1309859154929577,True,True,0,0,India,0,0,0.2531498660912268,-1.0963446658522171,-0.354122673283323,Low,2,Fair-value Mid-market,-1.464
Abhinandan Singh,India,Bowler,Royal Challengers Bengaluru,2026-2026,3,0,0,0,,False,,0,,0,0,0,0,0,3,9.4,0,122,3,Feb-30,40.66,12.62,19.3,0,0,30,30,0.3,3.4011973816621555,1.0,,1.0,,3.1333333333333333,False,True,0,1,India,0,0,,-0.3233093245713108,-0.3233093245713108,Low,1,Low-cost / Low-impact,0.609
Akash Deep,India,Bowler,Lucknow Super Giants,2022-2025,14,5,2,25,17.0,False,8.33,14,178.57,0,0,2,2,2,14,46.2,1,548,10,Mar-45,54.8,11.82,27.8,0,0,100,800,8.0,6.684611727667927,8.0,5.0,0.7142857142857143,0.2857142857142857,3.3000000000000003,True,True,0,0,India,0,0,0.0609949606952382,-0.5187272420585664,-0.4317689116454956,Low,3,High-performing but Expensive,-2.071
Akash Singh,India,Bowler,Lucknow Super Giants,2021-2026,12,0,0,0,,False,,0,,0,0,0,0,0,12,41.1,0,406,13,Mar-26,31.23,9.86,19.0,0,0,30,30,0.3,3.4011973816621555,1.0,,1.0833333333333333,,3.4250000000000003,False,True,0,0,India,0,0,,0.049834380405958,0.049834380405958,Medium,1,Low-cost / Low-impact,1.143
Anuj Rawat,India,Wicket-keeper,Gujarat Titans,2021-2024,24,21,5,318,66.0,False,19.87,267,119.1,0,1,4,26,14,0,0.0,0,0,0,,,,,0,0,30,30,0.3,3.4011973816621555,1.0,15.142857142857142,0.0,0.149812734082397,0.0,True,False,0,0,India,1,0,-0.0275397648553467,,-0.0275397648553467,Medium,1,Low-cost / Low-impact,1.032
Arshad Khan,India,All-rounder,Gujarat Titans,2023-2026,27,14,7,147,58.0,True,21.0,99,148.48,0,1,1,7,11,25,62.4,0,693,18,Mar-22,38.5,11.05,20.8,0,0,30,130,1.3,4.867534450455582,4.333333333333333,10.5,0.6666666666666666,0.1818181818181818,2.311111111111111,True,True,0,0,India,1,0,-0.0237016335217792,-0.286907435074989,-0.1421442442207236,Low,2,Fair-value Mid-market,-0.259
Arshdeep Singh,India,Bowler,Punjab Kings,2019-2026,96,15,9,32,10.0,True,5.33,47,68.08,0,0,3,4,0,95,338.4,2,3111,111,May-32,28.02,9.18,18.3,2,1,200,1800,18.0,7.495541943884256,9.0,2.1333333333333333,1.15625,0.0851063829787234,3.525,True,True,0,0,India,0,3,-0.7204813766525884,1.0075417884697846,0.7483383137014286,High,3,High-performing but Expensive,-1.003
Ashok Sharma,India,Bowler,Rajasthan Royals,2026-2026,6,2,2,1,1.0,True,,4,25.0,0,0,0,0,0,6,21.0,0,228,6,Feb-32,38.0,10.85,21.0,0,0,30,30,0.3,3.4011973816621555,1.0,0.5,1.0,0.0,3.5,True,True,0,1,India,0,0,-1.055777526889985,-0.1673769898806958,-0.3006370704320892,Low,1,Low-cost / Low-impact,0.641
Ashwani Kumar,India,Bowler,Mumbai Indians,2025-2026,10,1,1,1,1.0,True,,6,16.66,0,0,0,0,0,10,30.3,0,334,17,Apr-24,19.64,10.95,10.7,2,0,30,30,0.3,3.4011973816621555,1.0,1.0,1.7,0.0,3.03,True,True,0,0,India,0,2,-1.0768769066747796,0.5953817792937887,0.3445429763985034,Medium,1,Low-cost / Low-impact,1.566
Avesh Khan,India,Bowler,Lucknow Super Giants,2017-2026,83,18,14,68,19.0,True,17.0,43,158.13,0,0,1,7,4,82,294.3,1,2734,93,Apr-24,29.39,9.28,19.0,1,0,200,975,9.75,6.882437470997847,4.875,3.7777777777777777,1.120481927710843,0.2558139534883721,3.545783132530121,True,True,0,0,India,0,1,-0.079822414833911,0.7086750073256423,0.5904003940017092,High,3,High-performing but Expensive,-0.758
Azmatullah Omarzai,Afghanistan,All-rounder,Punjab Kings,2024-2026,19,11,1,151,38.0,False,15.1,101,149.5,0,0,0,11,10,18,59.0,0,568,15,Feb-27,37.86,9.62,23.6,0,0,150,240,2.4,5.480638923341991,1.6,13.727272727272728,0.7894736842105263,0.2079207920792079,3.1052631578947367,True,True,1,0,Overseas,0,0,0.0836970934579451,-0.1443323557125951,-0.0189161586687979,Medium,2,Fair-value Mid-market,-0.553
B Kumar,India,Bowler,Royal Challengers Bengaluru,2011-2026,206,78,40,354,27.0,False,9.31,377,93.89,0,0,6,34,4,206,766.4,14,5913,226,May-19,26.16,7.71,20.3,3,2,200,1075,10.75,6.980075940561763,5.375,4.538461538461538,1.0970873786407769,0.1007957559681697,3.720388349514563,True,True,0,0,India,0,5,-0.4548272361093137,1.967202431061143,1.603897980985574,High,0,Undervalued / High-value,0.62
D Ferreira,South Africa,Batter,Delhi Capitals,2024-2026,18,16,4,326,69.0,False,27.16,191,170.68,0,2,1,25,23,3,3.0,0,41,1,Jan-14,41.0,13.66,18.0,0,0,75,75,0.75,4.31748811353631,1.0,20.375,0.0555555555555555,0.2513089005235602,0.1666666666666666,True,True,1,0,Overseas,2,0,0.4571314093021492,-0.9117482619610026,0.320243442175834,Medium,2,Fair-value Mid-market,0.827
D Padikkal,India,Batter,Royal Challengers Bengaluru,2020-2026,90,89,4,2270,101.0,True,26.7,1705,133.13,1,14,6,239,80,0,0.0,0,0,0,,,,,0,0,200,200,2.0,5.298317366548036,1.0,25.50561797752809,0.0,0.1870967741935484,0.0,True,False,0,0,India,15,0,0.9970201905989402,,0.9970201905989402,High,0,Undervalued / High-value,1.043
DA Miller,South Africa,Batter,Lucknow Super Giants,2012-2026,152,145,53,3288,101.0,True,35.73,2357,139.49,1,14,5,235,152,0,0.0,0,0,0,,,,,0,0,150,750,7.5,6.620073206530356,5.0,22.67586206896552,0.0,0.1641917691981332,0.0,True,False,1,0,Overseas,15,0,1.184701457819933,,1.184701457819933,High,0,Undervalued / High-value,0.296
DG Nalkande,India,All-rounder,Delhi Capitals,2022-2024,6,2,0,12,12.0,False,6.0,12,100.0,0,0,1,0,1,6,14.0,0,148,6,Feb-21,24.66,10.57,14.0,0,0,30,30,0.3,3.4011973816621555,1.0,6.0,1.0,0.0833333333333333,2.333333333333333,True,True,0,1,India,0,0,-0.5068440772027512,-0.0206041450356258,-0.2880361077275448,Low,1,Low-cost / Low-impact,0.659
DJ Hooda,India,All-rounder,Chennai Super Kings,2015-2025,125,101,16,1496,64.0,False,17.6,1172,127.64,0,8,5,98,62,34,63.1,0,546,10,Feb-16,54.6,8.64,37.9,0,0,75,170,1.7,5.135798437050262,2.2666666666666666,14.811881188118813,0.08,0.136518771331058,0.5048,True,True,0,0,India,8,0,0.3654396240587138,-0.658043312673518,-0.0951276974707905,Low,2,Fair-value Mid-market,-0.398
DL Chahar,India,All-rounder,Mumbai Indians,2016-2026,103,21,11,142,39.0,False,14.2,103,137.86,0,0,4,8,9,103,344.4,7,2862,96,Apr-13,29.81,8.3,21.5,2,0,200,925,9.25,6.829793737512425,4.625,6.761904761904762,0.9320388349514565,0.1650485436893204,3.343689320388349,True,True,0,0,India,0,2,-0.1926435427312354,0.7564890489338781,0.2344661235180656,Medium,3,High-performing but Expensive,-1.227
DP Conway,New Zealand,Wicket-keeper,Chennai Super Kings,2022-2025,29,28,3,1080,92.0,True,43.2,773,139.71,0,11,3,116,34,0,0.0,0,0,0,,,,,0,0,200,625,6.25,6.437751649736401,3.125,38.57142857142857,0.0,0.1940491591203104,0.0,True,False,1,0,Overseas,11,0,0.9969859245068596,,0.9969859245068596,High,0,Undervalued / High-value,0.167
E Malinga,Sri Lanka,Bowler,Sunrisers Hyderabad,2025-2026,22,3,2,7,5.0,False,7.0,17,41.17,0,0,0,0,0,22,81.0,0,745,33,Apr-32,22.57,9.19,14.7,1,0,30,120,1.2,4.787491742782046,4.0,2.333333333333333,1.5,0.0,3.6818181818181817,True,True,1,0,Overseas,0,1,-0.9452222582067696,0.5999605786938651,0.3681831531587698,High,2,Fair-value Mid-market,0.534
F du Plessis,South Africa,Batter,Delhi Capitals,2012-2025,154,147,11,4773,96.0,False,35.09,3515,135.78,0,39,7,439,174,1,1.0,0,16,0,,,16.0,,0,0,200,200,2.0,5.298317366548036,1.0,32.46938775510204,0.0,0.1743954480796586,0.0064935064935064,True,True,1,0,Overseas,39,0,2.084070376935318,-1.2212536489586792,1.7535379743459183,High,0,Undervalued / High-value,2.127
Fazalhaq Farooqi,Afghanistan,Bowler,Rajasthan Royals,2022-2025,12,3,3,5,2.0,True,,15,33.33,0,0,0,0,0,12,42.2,0,437,6,Feb-32,72.83,10.32,42.3,0,0,200,200,2.0,5.298317366548036,1.0,1.6666666666666667,0.5,0.0,3.516666666666667,True,True,1,0,Overseas,0,0,-0.9931910807558212,-0.7400292514325972,-0.7780035258310808,Low,2,Fair-value Mid-market,-1.501
G Coetzee,South Africa,All-rounder,Gujarat Titans,2024-2025,14,7,1,31,12.0,False,5.16,33,93.93,0,0,1,2,2,14,45.3,0,472,15,Apr-34,31.46,10.37,18.2,1,0,125,240,2.4,5.480638923341991,1.92,4.428571428571429,1.0714285714285714,0.1212121212121212,3.2357142857142853,True,True,1,0,Overseas,0,1,-0.5127546741215059,0.0944794011682392,-0.2394993402411206,Low,2,Fair-value Mid-market,-0.87
GD Phillips,New Zealand,All-rounder,Gujarat Titans,2021-2026,14,13,2,132,25.0,False,12.0,109,121.1,0,0,1,7,8,4,5.0,0,40,2,01-Oct,20.0,8.0,15.0,0,0,200,200,2.0,5.298317366548036,1.0,10.153846153846152,0.1428571428571428,0.1376146788990825,0.3571428571428571,True,True,1,0,Overseas,0,0,-0.2169722413919353,-0.3002394458516197,-0.2544424833987934,Low,2,Fair-value Mid-market,-0.751
GJ Maxwell,Australia,All-rounder,Punjab Kings,2012-2025,141,135,17,2819,95.0,False,23.88,1817,155.14,0,18,19,237,161,85,170.2,1,1413,41,Feb-15,34.46,8.29,24.9,0,0,200,420,4.2,6.040254711277414,2.1,20.881481481481483,0.2907801418439716,0.2190423775454045,1.20709219858156,True,True,1,0,Overseas,18,0,1.1923112416320936,-0.1293194242654666,0.5975774419781915,High,3,High-performing but Expensive,-0.1
Gurjapneet Singh,India,Bowler,Chennai Super Kings,2026-2026,8,0,0,0,,False,,0,,0,0,0,0,0,8,25.1,0,233,4,01-Jul,58.25,9.25,37.7,0,0,30,220,2.2,5.393627546352362,7.333333333333333,,0.5,,3.1375,False,True,0,1,India,0,0,,-0.5445296156103748,-0.5445296156103748,Low,2,Fair-value Mid-market,-1.24
Gurnoor Brar,India,Bowler,Gujarat Titans,2023-2023,1,0,0,0,,False,,0,,0,0,0,0,0,1,3.0,0,42,0,,,14.0,,0,0,30,130,1.3,4.867534450455582,4.333333333333333,,0.0,,3.0,False,True,0,1,India,0,0,,-1.073755990560335,-1.073755990560335,Low,1,Low-cost / Low-impact,-1.594
HC Brook,England,Batter,Delhi Capitals,2023-2023,11,11,2,190,100.0,True,21.11,154,123.37,1,0,3,23,4,0,0.0,0,0,0,,,,,0,0,200,625,6.25,6.437751649736401,3.125,17.272727272727273,0.0,0.1753246753246753,0.0,True,False,1,0,Overseas,1,0,0.0429940477490099,,0.0429940477490099,Medium,3,High-performing but Expensive,-1.2
HV Patel,India,Bowler,Sunrisers Hyderabad,2012-2026,124,49,17,280,36.0,True,8.75,238,117.64,0,0,10,18,15,121,417.4,2,3727,151,May-27,24.68,8.92,16.5,4,1,200,800,8.0,6.684611727667927,4.0,5.714285714285714,1.217741935483871,0.1386554621848739,3.366129032258064,True,True,0,0,India,0,5,-0.2990907881336684,1.4902119857142648,1.2218165696370746,High,0,Undervalued / High-value,0.299
Harpreet Brar,India,Bowler,Punjab Kings,2019-2026,51,27,15,249,29.0,False,20.75,206,120.87,0,0,1,20,10,48,143.1,1,1145,37,Apr-30,30.94,7.99,23.2,1,0,30,150,1.5,5.010635294096256,5.0,9.22222222222222,0.7254901960784313,0.145631067961165,2.8058823529411763,True,True,0,0,India,0,1,-0.1994674824219369,0.2038272653586,0.1433330531915194,Medium,2,Fair-value Mid-market,0.04
Himmat Singh,India,Batter,Lucknow Super Giants,2025-2026,9,5,2,92,40.0,True,30.66,69,133.33,0,0,0,5,5,0,0.0,0,0,0,,,,,0,0,30,30,0.3,3.4011973816621555,1.0,18.4,0.0,0.144927536231884,0.0,True,False,0,1,India,0,0,0.0317994688729835,,0.0317994688729835,Medium,1,Low-cost / Low-impact,1.117
I Sharma,India,Bowler,Gujarat Titans,2008-2025,117,28,22,57,10.0,True,9.5,69,82.6,0,0,1,4,2,117,403.1,6,3377,96,05-Dec,35.17,8.37,25.1,0,1,75,75,0.75,4.31748811353631,1.0,2.0357142857142856,0.8205128205128205,0.0869565217391304,3.445299145299145,True,True,0,0,India,0,1,-0.6560078176193984,0.5678648222030216,0.3842839262296585,High,2,Fair-value Mid-market,0.918
Ishan Kishan,India,Wicket-keeper,Sunrisers Hyderabad,2016-2026,134,127,9,3600,106.0,True,30.5,2508,143.54,1,23,11,348,166,1,0.1,0,4,0,,,24.0,,0,0,200,1125,11.25,7.025538314638521,5.625,28.346456692913385,0.0,0.2049441786283891,0.0007462686567164,True,True,0,0,India,24,0,1.5793947437307487,-1.8112442825520545,1.2403308411024685,High,0,Undervalued / High-value,0.064
J Fraser-McGurk,Australia,Wicket-keeper,Delhi Capitals,2024-2025,15,15,0,385,84.0,False,25.66,193,199.48,0,4,3,39,30,0,0.0,0,0,0,,,,,0,0,200,900,9.0,6.802394763324311,4.5,25.666666666666668,0.0,0.3575129533678756,0.0,True,False,1,0,Overseas,4,0,0.8836384549752836,,0.8836384549752836,High,3,High-performing but Expensive,-0.276
J Overton,England,All-rounder,Chennai Super Kings,2025-2026,13,8,4,151,43.0,True,37.75,93,162.36,0,0,0,14,7,13,34.0,0,332,14,Apr-18,23.71,9.76,14.5,1,0,150,150,1.5,5.010635294096256,1.0,18.875,1.0769230769230769,0.2258064516129032,2.6153846153846154,True,True,1,0,Overseas,0,1,0.284396449275429,0.2043370106120254,0.2483697018768974,Medium,2,Fair-value Mid-market,0.191
J Yadav,India,All-rounder,Gujarat Titans,2015-2023,20,5,1,40,23.0,False,10.0,36,111.11,0,0,0,2,1,20,65.0,0,445,8,01-Aug,55.62,6.84,48.7,0,0,75,75,0.75,4.31748811353631,1.0,8.0,0.4,0.0833333333333333,3.25,True,True,0,0,India,0,0,-0.4067434670294352,-0.3960626347720803,-0.4019370925136255,Low,1,Low-cost / Low-impact,-0.208
JC Archer,England,Bowler,Rajasthan Royals,2018-2026,68,42,17,326,32.0,False,13.04,225,144.88,0,0,5,18,22,68,263.0,4,2161,84,Mar-15,25.72,8.21,18.7,0,0,200,1250,12.5,7.1308988302963465,6.25,7.761904761904762,1.2352941176470589,0.1777777777777777,3.8676470588235294,True,True,1,0,Overseas,0,0,-0.075623205211367,0.7428908450593943,0.6201137375187801,High,3,High-performing but Expensive,-0.906
JC Buttler,England,Wicket-keeper,Gujarat Titans,2016-2026,138,136,19,4646,124.0,False,39.7,3103,149.72,7,28,8,458,211,0,0.0,0,0,0,,,,,0,0,200,1575,15.75,7.362010551259734,7.875,34.161764705882355,0.0,0.2155978085723493,0.0,True,False,1,0,Overseas,35,0,2.1575262408981484,,2.1575262408981484,High,0,Undervalued / High-value,1.119
JD Unadkat,India,Bowler,Sunrisers Hyderabad,2010-2026,116,33,17,201,26.0,False,12.56,169,118.93,0,0,2,16,7,115,391.5,3,3504,114,May-25,30.73,8.94,20.6,0,2,100,100,1.0,4.605170185988092,1.0,6.090909090909091,0.9827586206896552,0.136094674556213,3.375,True,True,0,0,India,0,2,-0.3086367009275447,0.8499567901721866,0.6761677665072269,High,2,Fair-value Mid-market,1.115
JG Bethell,England,All-rounder,Royal Challengers Bengaluru,2025-2026,9,9,0,163,55.0,False,18.11,116,140.51,0,1,0,21,6,0,0.0,0,0,0,,,,,0,0,125,260,2.6,5.560681631015528,2.08,18.11111111111111,0.0,0.2327586206896551,0.0,True,False,1,1,Overseas,1,0,0.2029408125999953,,0.2029408125999953,Medium,2,Fair-value Mid-market,-0.297
JM Sharma,India,Wicket-keeper,Royal Challengers Bengaluru,2022-2026,71,59,11,1107,85.0,True,23.06,726,152.47,0,1,3,86,68,0,0.0,0,0,0,,,,,0,0,100,1100,11.0,7.003065458786462,11.0,18.76271186440678,0.0,0.2121212121212121,0.0,True,False,0,0,India,1,0,0.4815592008831504,,0.4815592008831504,High,3,High-performing but Expensive,-1.006
JP Inglis,Australia,Wicket-keeper,Punjab Kings,2025-2026,16,16,2,544,85.0,False,38.85,314,173.24,0,4,0,58,28,0,0.0,0,0,0,,,,,0,0,200,260,2.6,5.560681631015528,1.3,34.0,0.0,0.2738853503184713,0.0,True,False,1,0,Overseas,4,0,0.9086090380131396,,0.9086090380131396,High,0,Undervalued / High-value,0.714
JR Hazlewood,Australia,Bowler,Royal Challengers Bengaluru,2020-2026,52,8,7,19,7.0,True,19.0,30,63.33,0,0,1,1,0,52,196.0,1,1690,72,04-Dec,23.47,8.62,16.3,3,0,200,1250,12.5,7.1308988302963465,6.25,2.375,1.3846153846153846,0.0333333333333333,3.769230769230769,True,True,1,0,Overseas,0,3,-0.8073886992836432,0.9596098960407696,0.6945601067421079,High,3,High-performing but Expensive,-0.799
K Kartikeya,India,Bowler,Rajasthan Royals,2022-2025,16,4,0,12,6.0,False,3.0,17,70.58,0,0,0,1,0,16,47.0,0,407,12,Feb-22,33.91,8.65,23.5,0,0,30,30,0.3,3.4011973816621555,1.0,3.0,0.75,0.0588235294117647,2.9375,True,True,0,0,India,0,0,-0.7303958778553499,-0.0856709968119332,-0.1823797289684457,Low,1,Low-cost / Low-impact,0.811
K Khejroliya,India,Bowler,Gujarat Titans,2018-2026,9,0,0,0,,False,,0,,0,0,0,0,0,9,25.1,0,277,6,Feb-33,46.16,11.0,25.1,0,0,30,30,0.3,3.4011973816621555,1.0,,0.6666666666666666,,2.788888888888889,False,True,0,1,India,0,0,,-0.4348156183126673,-0.4348156183126673,Low,1,Low-cost / Low-impact,0.449
K Kushagra,India,Wicket-keeper,Gujarat Titans,2024-2026,5,4,0,21,18.0,False,5.25,21,100.0,0,0,1,3,0,0,0.0,0,0,0,,,,,0,0,30,65,0.65,4.174387269895637,2.1666666666666665,5.25,0.0,0.1428571428571428,0.0,True,False,0,1,India,0,0,-0.4417017108968026,,-0.4417017108968026,Low,1,Low-cost / Low-impact,-0.155
K Rabada,South Africa,Bowler,Gujarat Titans,2017-2026,101,37,17,262,44.0,False,13.1,239,109.62,0,0,4,21,11,101,381.4,3,3358,148,Apr-21,22.68,8.79,15.4,6,0,200,1075,10.75,6.980075940561763,5.375,7.081081081081081,1.465346534653465,0.1338912133891213,3.776237623762376,True,True,1,0,Overseas,0,6,-0.3089775526275454,1.7039104857119174,1.401977279960998,High,0,Undervalued / High-value,0.33
KH Pandya,India,All-rounder,Royal Challengers Bengaluru,2016-2026,158,127,42,1982,86.0,False,23.31,1481,133.82,0,3,7,173,76,147,450.1,1,3410,107,Apr-45,31.86,7.57,25.2,1,0,200,575,5.75,6.354370040797351,2.875,15.606299212598426,0.6772151898734177,0.1681296421336934,2.84873417721519,True,True,0,0,India,3,1,0.5193554911775587,0.643568390439925,0.5752512958456235,High,3,High-performing but Expensive,-0.374
KK Ahmed,India,Bowler,Chennai Super Kings,2018-2026,76,7,2,2,1.0,True,0.4,9,22.22,0,0,4,0,0,76,276.1,4,2474,91,Mar-21,27.18,8.95,18.2,0,0,200,480,4.8,6.173786103901937,2.4,0.2857142857142857,1.1973684210526316,0.0,3.6328947368421054,True,True,0,0,India,0,0,-1.0718093401196491,0.7068197484718985,0.4400253851831663,High,3,High-performing but Expensive,-0.429
KK Nair,India,Batter,Delhi Capitals,2013-2026,86,78,5,1712,89.0,False,23.45,1304,131.28,0,11,5,188,49,0,0.0,0,0,0,,,,,0,0,30,50,0.5,3.912023005428146,1.6666666666666667,21.94871794871795,0.0,0.1817484662576687,0.0,True,False,0,0,India,11,0,0.7055585754772992,,0.7055585754772992,High,2,Fair-value Mid-market,1.69
KL Nagarkoti,India,All-rounder,Chennai Super Kings,2020-2022,12,7,3,22,8.0,True,5.5,33,66.66,0,0,2,1,0,11,30.0,0,285,5,Feb-13,57.0,9.5,36.0,0,0,30,30,0.3,3.4011973816621555,1.0,3.142857142857143,0.4166666666666667,0.0303030303030303,2.5,True,True,0,0,India,0,0,-0.7788091610836181,-0.5864373707424854,-0.6922418554301084,Low,1,Low-cost / Low-impact,0.08
KL Rahul,India,Wicket-keeper,Delhi Capitals,2013-2026,159,150,24,5815,152.0,True,46.15,4179,139.14,6,45,5,508,239,0,0.0,0,0,0,,,,,0,0,200,1400,14.0,7.24422751560335,7.0,38.766666666666666,0.0,0.1787508973438621,0.0,True,False,0,0,India,51,0,2.6647193830006257,,2.6647193830006257,High,0,Undervalued / High-value,1.937
KR Sen,India,Bowler,Punjab Kings,2022-2024,12,1,1,0,0.0,True,,3,0.0,0,0,0,0,0,12,40.1,0,387,14,Apr-20,27.64,9.63,17.2,1,0,75,80,0.8,4.382026634673881,1.0666666666666669,0.0,1.1666666666666667,0.0,3.341666666666667,True,True,0,0,India,0,1,-1.1678492466963966,0.2226077068414454,0.0140391638107691,Medium,2,Fair-value Mid-market,0.338
KS Rathore,India,Wicket-keeper,Rajasthan Royals,2025-2025,1,1,0,0,0.0,False,0.0,5,0.0,0,0,1,0,0,0,0.0,0,0,0,,,,,0,0,30,30,0.3,3.4011973816621555,1.0,0.0,0.0,0.0,0.0,True,False,0,1,India,0,0,-1.1678492466963966,,-1.1678492466963966,Low,1,Low-cost / Low-impact,-0.602
KT Maphaka,South Africa,Bowler,Rajasthan Royals,2024-2025,4,1,1,8,8.0,True,,2,400.0,0,0,0,2,0,4,11.0,0,143,2,Jan-23,71.5,13.0,33.0,0,0,75,150,1.5,5.010635294096256,2.0,8.0,0.5,1.0,2.75,True,True,1,1,Overseas,0,0,1.984827592133117,-0.9207598889305344,-0.4849217667709867,Low,2,Fair-value Mid-market,-0.86
KV Sharma,India,Bowler,Mumbai Indians,2009-2025,90,41,15,352,39.0,True,13.53,295,119.32,0,0,1,20,17,87,264.1,1,2215,83,Apr-16,26.68,8.38,19.0,2,0,50,50,0.5,3.912023005428146,1.0,8.585365853658537,0.9222222222222224,0.1254237288135593,2.934444444444445,True,True,0,0,India,0,2,-0.2220988516738732,0.6932763298999494,0.555970052663876,High,2,Fair-value Mid-market,1.476
Karim Janat,Afghanistan,All-rounder,Gujarat Titans,2025-2025,1,0,0,0,,False,,0,,0,0,0,0,0,1,1.0,0,30,0,,,30.0,,0,0,30,75,0.75,4.31748811353631,2.5,,0.0,,1.0,False,True,1,1,Overseas,0,0,,-2.2537372577470864,-2.2537372577470864,Low,1,Low-cost / Low-impact,-2.862
L Ngidi,South Africa,Bowler,Royal Challengers Bengaluru,2018-2026,28,4,2,4,3.0,False,2.0,9,44.44,0,0,1,0,0,27,103.2,2,869,42,04-Oct,20.69,8.4,14.7,1,0,30,100,1.0,4.605170185988092,3.333333333333333,1.0,1.5,0.0,3.685714285714286,True,True,1,0,Overseas,0,1,-0.9653560736832764,0.7253256901786256,0.4717234255993403,High,2,Fair-value Mid-market,0.822
LB Williams,South Africa,Bowler,Mumbai Indians,2024-2024,2,1,1,1,1.0,True,,2,50.0,0,0,0,0,0,2,6.0,0,72,1,Jan-38,72.0,12.0,36.0,0,0,75,75,0.75,4.31748811353631,1.0,1.0,0.5,0.0,3.0,True,True,1,1,Overseas,0,0,-0.9439634403240628,-0.8693202658460102,-0.880516742017718,Low,1,Low-cost / Low-impact,-0.894
LH Ferguson,New Zealand,Bowler,Punjab Kings,2017-2026,52,11,8,72,24.0,True,24.0,47,153.19,0,0,1,7,2,52,181.3,1,1671,52,Apr-28,32.13,9.2,20.9,1,0,200,200,2.0,5.298317366548036,1.0,6.545454545454546,1.0,0.1914893617021276,3.4865384615384616,True,True,1,0,Overseas,0,1,-0.118820898330115,0.3599076702833195,0.2880983849913043,Medium,2,Fair-value Mid-market,0.027
LS Livingstone,England,All-rounder,Royal Challengers Bengaluru,2019-2026,51,49,7,1066,94.0,False,25.38,687,155.16,0,7,3,70,76,27,52.0,0,469,13,Mar-27,36.07,9.01,24.0,0,0,200,875,8.75,6.774223886357614,4.375,21.755102040816325,0.2549019607843137,0.2125181950509461,1.0196078431372548,True,True,1,0,Overseas,7,0,0.6248991347719653,-0.3886138796610751,0.1688182782770971,Medium,3,High-performing but Expensive,-1.279
M Jansen,South Africa,All-rounder,Punjab Kings,2021-2026,48,26,11,192,34.0,True,12.8,174,110.34,0,0,3,9,9,47,169.3,1,1632,45,Mar-17,36.26,9.62,22.6,0,0,125,700,7.0,6.551080335043404,5.6,7.384615384615385,0.9375,0.1034482758620689,3.5270833333333336,True,True,1,0,Overseas,0,0,-0.3582171059324417,0.1427589174682676,-0.1327778954021225,Low,3,High-performing but Expensive,-1.539
M Markande,India,Bowler,Kolkata Knight Riders,2018-2026,40,11,8,48,18.0,True,16.0,42,114.28,0,0,0,5,1,40,125.0,0,1145,37,Apr-15,30.94,9.16,20.2,2,0,30,30,0.3,3.4011973816621555,1.0,4.363636363636363,0.925,0.1428571428571428,3.125,True,True,0,0,India,0,2,-0.3993535916954345,0.3100447195275897,0.203634972844136,Medium,1,Low-cost / Low-impact,1.364
M Prasidh Krishna,India,Bowler,Gujarat Titans,2018-2026,78,11,8,15,6.0,True,5.0,31,48.38,0,0,2,1,0,78,288.5,3,2598,90,Apr-28,28.86,8.99,19.2,3,0,200,950,9.5,6.856461984594587,4.75,1.3636363636363635,1.1538461538461535,0.032258064516129,3.698717948717949,True,True,0,0,India,0,3,-0.8940570291227401,0.875550454105573,0.610109331621326,High,3,High-performing but Expensive,-0.71
M Siddharth,India,Bowler,Lucknow Super Giants,2024-2026,9,0,0,0,,False,,0,,0,0,0,0,0,9,31.0,0,283,9,Feb-35,31.44,9.12,20.6,0,0,30,75,0.75,4.31748811353631,2.5,,1.0,,3.4444444444444446,False,True,0,1,India,0,0,,0.0238260279179795,0.0238260279179795,Medium,2,Fair-value Mid-market,0.402
M Theekshana,Sri Lanka,Bowler,Rajasthan Royals,2022-2025,38,6,3,17,7.0,True,5.66,34,50.0,0,0,1,0,1,38,146.0,1,1207,36,Apr-33,33.52,8.26,24.3,1,0,200,440,4.4,6.0867747269123065,2.2,2.833333333333333,0.9473684210526316,0.0294117647058823,3.842105263157895,True,True,1,0,Overseas,0,1,-0.8552484929634521,0.2746500677245789,0.1051652836213742,Medium,3,High-performing but Expensive,-0.842
M Tiwari,India,All-rounder,Delhi Capitals,2025-2026,4,2,1,21,18.0,True,21.0,12,175.0,0,0,0,2,1,3,10.0,0,87,4,Feb-27,21.75,8.7,15.0,0,0,30,40,0.4,3.688879454113936,1.3333333333333333,10.5,1.0,0.25,2.5,True,True,0,1,India,0,0,0.1307421319852793,0.112000865841851,0.1223085622207365,Medium,1,Low-cost / Low-impact,1.026
MA Starc,Australia,Bowler,Delhi Capitals,2014-2026,58,25,13,111,29.0,False,9.25,121,91.73,0,0,4,11,0,55,196.3,1,1727,76,May-35,22.72,8.78,15.5,3,1,200,1175,11.75,7.069023426578259,5.875,4.44,1.3103448275862069,0.0909090909090909,3.38448275862069,True,True,1,0,Overseas,0,4,-0.541897174741619,1.015006259085029,0.7814707440110318,High,3,High-performing but Expensive,-0.627
MJ Santner,New Zealand,All-rounder,Mumbai Indians,2019-2026,35,21,13,136,22.0,False,17.0,123,110.56,0,0,1,9,6,35,114.3,0,860,30,03-Nov,28.66,7.51,22.9,0,0,200,200,2.0,5.298317366548036,1.0,6.476190476190476,0.8571428571428571,0.1219512195121951,3.2657142857142856,True,True,1,0,Overseas,0,0,-0.3686468464910817,0.2094435441157259,-0.1085061707180183,Low,2,Fair-value Mid-market,-0.542
MJ Suthar,India,All-rounder,Gujarat Titans,2024-2026,5,1,0,1,1.0,False,1.0,2,50.0,0,0,0,0,0,4,8.0,0,94,2,Jan-19,47.0,11.75,24.0,0,0,30,30,0.3,3.4011973816621555,1.0,1.0,0.4,0.0,1.6,True,True,0,1,India,0,0,-0.9439634403240628,-0.6587751702137971,-0.8156287187744433,Low,1,Low-cost / Low-impact,-0.097
MK Lomror,India,All-rounder,Gujarat Titans,2018-2024,40,35,6,527,54.0,True,18.17,373,141.28,0,1,3,33,30,11,15.0,0,127,1,Jan-22,127.0,8.46,90.0,0,0,30,170,1.7,5.135798437050262,5.666666666666667,15.057142857142855,0.025,0.1689008042895442,0.375,True,True,0,0,India,1,0,0.1386359792743988,-1.4352425442150327,-0.5696093562958454,Low,2,Fair-value Mid-market,-1.078
MK Pandey,India,Batter,Kolkata Knight Riders,2008-2026,180,164,28,4012,114.0,True,29.5,3293,121.83,1,22,14,348,117,0,0.0,0,0,0,,,,,0,0,75,75,0.75,4.31748811353631,1.0,24.463414634146343,0.0,0.1412086243546917,0.0,True,False,0,0,India,23,0,1.4062041932552063,,1.4062041932552063,High,0,Undervalued / High-value,2.383
MM Sharma,India,Bowler,Delhi Capitals,2013-2025,120,33,15,125,21.0,True,6.94,136,91.91,0,0,5,8,4,119,400.3,0,3513,134,05-Oct,26.21,8.77,17.9,3,1,50,220,2.2,5.393627546352362,4.4,3.787878787878788,1.1166666666666667,0.088235294117647,3.335833333333333,True,True,0,0,India,0,4,-0.5570584728437333,1.2492306579775558,0.9782872883543624,High,0,Undervalued / High-value,0.942
MP Breetzke,South Africa,Batter,Lucknow Super Giants,2025-2025,1,1,0,14,14.0,False,14.0,12,116.66,0,0,0,1,1,0,0.0,0,0,0,,,,,0,0,75,75,0.75,4.31748811353631,1.0,14.0,0.0,0.1666666666666666,0.0,True,False,1,1,Overseas,0,0,-0.1320633605791858,,-0.1320633605791858,Low,1,Low-cost / Low-impact,0.178
MP Stoinis,Australia,All-rounder,Punjab Kings,2016-2026,122,108,30,2242,124.0,True,28.74,1520,147.5,1,10,10,181,117,75,155.5,0,1547,46,Apr-15,33.63,9.92,20.3,1,0,200,1100,11.0,7.003065458786462,5.5,20.75925925925926,0.3770491803278688,0.1960526315789473,1.274590163934426,True,True,1,0,Overseas,11,1,0.8973420905854352,-0.0726877735332606,0.4608286517320221,High,3,High-performing but Expensive,-1.036
MR Marsh,Australia,All-rounder,Lucknow Super Giants,2010-2026,68,62,2,1855,117.0,False,30.91,1249,148.51,2,12,7,155,111,34,93.2,1,795,37,Apr-25,21.48,8.51,15.1,2,0,200,340,3.4,5.828945617610208,1.7,29.91935483870968,0.5441176470588235,0.2129703763010408,1.3705882352941177,True,True,1,0,Overseas,14,2,1.0822349615851312,0.2379023048827603,0.7022852660690644,High,3,High-performing but Expensive,0.212
MS Bhandage,India,All-rounder,Royal Challengers Bengaluru,2025-2025,1,1,0,1,1.0,False,1.0,4,25.0,0,0,0,0,0,0,0.0,0,0,0,,,,,0,0,30,30,0.3,3.4011973816621555,1.0,1.0,0.0,0.0,0.0,True,False,0,1,India,0,0,-1.0436286070537546,,-1.0436286070537546,Low,1,Low-cost / Low-impact,-0.424
Mohammed Shami,India,Bowler,Sunrisers Hyderabad,2013-2026,132,36,17,115,21.0,False,6.05,111,103.6,0,0,6,9,5,132,485.2,3,4208,145,04-Nov,29.02,8.67,20.0,2,0,200,1000,10.0,6.907755278982137,5.0,3.1944444444444446,1.0984848484848484,0.1261261261261261,3.675757575757576,True,True,0,0,India,0,2,-0.4758587531683126,1.1440981001940531,0.9011045721896984,High,3,High-performing but Expensive,-0.332
Mohammed Siraj,India,Bowler,Gujarat Titans,2017-2026,125,28,16,117,14.0,True,9.75,139,84.17,0,0,3,11,4,125,445.2,5,3911,128,Apr-17,30.55,8.78,20.8,3,0,200,1225,12.25,7.110696122978827,6.125,4.178571428571429,1.024,0.1079136690647482,3.5616,True,True,0,0,India,0,3,-0.5536890010659081,1.045953904616146,0.8060074687638378,High,3,High-performing but Expensive,-0.624
Mohit Rathee,India,Bowler,Royal Challengers Bengaluru,2023-2023,1,1,1,1,1.0,True,,2,50.0,0,0,0,0,0,1,2.0,0,29,0,,,14.5,,0,0,30,30,0.3,3.4011973816621555,1.0,1.0,0.0,0.0,2.0,True,True,0,1,India,0,0,-0.9439634403240628,-1.1106304051599212,-1.0856303604345423,Low,1,Low-cost / Low-impact,-0.484
Mukesh Choudhary,India,Bowler,Chennai Super Kings,2022-2026,24,3,2,8,4.0,False,8.0,8,100.0,0,0,0,1,0,24,80.3,0,771,25,Apr-46,30.84,9.57,19.3,1,0,30,30,0.3,3.4011973816621555,1.0,2.6666666666666665,1.0416666666666667,0.125,3.345833333333333,True,True,0,0,India,0,1,-0.5321344762457934,0.1986882192121411,0.0890648148934509,Medium,1,Low-cost / Low-impact,1.2
Mukesh Kumar,India,Bowler,Delhi Capitals,2023-2026,42,5,4,10,6.0,True,10.0,18,55.55,0,0,0,0,0,42,137.2,1,1455,42,Apr-33,34.64,10.59,19.6,1,0,200,800,8.0,6.684611727667927,4.0,2.0,1.0,0.0,3.2666666666666666,True,True,0,0,India,0,1,-0.8952212344732009,0.1844245027288482,0.0224776421485408,Medium,3,High-performing but Expensive,-1.42
Musheer Khan,India,All-rounder,Punjab Kings,2025-2025,1,1,0,0,0.0,False,0.0,3,0.0,0,0,1,0,0,1,2.0,0,27,1,Jan-27,27.0,13.5,12.0,0,0,30,30,0.3,3.4011973816621555,1.0,0.0,1.0,0.0,2.0,True,True,0,1,India,0,0,-1.1678492466963966,-0.258960140284348,-0.7588491488109748,Low,1,Low-cost / Low-impact,-0.016
N Rana,India,Batter,Rajasthan Royals,2016-2026,127,121,10,3078,91.0,False,27.72,2235,137.71,0,22,8,288,151,27,36.0,0,325,10,02-Nov,32.5,9.02,21.6,0,0,150,420,4.2,6.040254711277414,2.8,25.43801652892562,0.0787401574803149,0.1964205816554809,0.2834645669291338,True,True,0,0,India,22,0,1.3160838881626218,-0.468464544908131,1.1376290448555464,High,0,Undervalued / High-value,0.674
N Sindhu,India,Batter,Gujarat Titans,2026-2026,8,5,0,63,22.0,False,12.6,50,126.0,0,0,0,7,2,0,0.0,0,0,0,,,,,0,0,30,30,0.3,3.4011973816621555,1.0,12.6,0.0,0.18,0.0,True,False,0,1,India,0,0,-0.0980668625417282,,-0.0980668625417282,Low,1,Low-cost / Low-impact,0.931
N Thushara,Sri Lanka,Bowler,Royal Challengers Bengaluru,2024-2025,8,0,0,0,,False,,0,,0,0,0,0,0,8,30.0,0,283,9,Mar-28,31.44,9.43,20.0,0,0,75,160,1.6,5.075173815233827,2.1333333333333333,,1.125,,3.75,False,True,1,1,Overseas,0,0,,0.0715152687538639,0.0715152687538639,Medium,2,Fair-value Mid-market,-0.112
N Wadhera,India,Batter,Punjab Kings,2023-2026,44,37,4,784,70.0,False,23.75,560,140.0,0,4,2,64,43,2,2.5,0,22,0,,,7.76,,0,0,30,420,4.2,6.040254711277414,14.0,21.18918918918919,0.0,0.1910714285714285,0.0568181818181818,True,True,0,0,India,4,0,0.4138925430606402,-0.6135632963575024,0.3111469591188259,Medium,3,High-performing but Expensive,-0.511
NT Ellis,Australia,Bowler,Chennai Super Kings,2021-2025,17,5,1,19,12.0,False,4.75,25,76.0,0,0,2,0,1,17,63.0,0,546,19,Apr-30,28.73,8.66,19.8,1,0,100,200,2.0,5.298317366548036,2.0,3.8,1.1176470588235294,0.04,3.7058823529411766,True,True,1,0,Overseas,0,1,-0.7131767019994408,0.2785503845229589,0.1297913215445989,Medium,2,Fair-value Mid-market,-0.2
Naman Dhir,India,Batter,Mumbai Indians,2024-2026,37,33,7,710,62.0,True,27.3,433,163.97,0,3,5,67,36,5,8.4,0,76,0,,,8.76,,0,0,30,525,5.25,6.263398262591624,17.5,21.51515151515152,0.0,0.2378752886836027,0.227027027027027,True,True,0,0,India,3,0,0.5503795481827405,-0.6873121255566744,0.426610380808799,High,3,High-performing but Expensive,-0.517
Noor Ahmad,Afghanistan,Bowler,Chennai Super Kings,2023-2026,51,17,6,31,8.0,False,2.81,58,53.44,0,0,2,2,1,51,183.0,0,1495,61,Apr-18,24.5,8.16,18.0,2,0,200,1000,10.0,6.907755278982137,5.0,1.8235294117647056,1.196078431372549,0.0517241379310344,3.588235294117647,True,True,1,0,Overseas,0,2,-0.8320834415279748,0.7343610511110282,0.4993943772151777,High,3,High-performing but Expensive,-0.908
P Arya,India,All-rounder,Punjab Kings,2025-2026,30,30,0,839,103.0,False,27.96,437,191.99,1,5,3,82,57,0,0.0,0,0,0,,,,,0,0,30,380,3.8,5.940171252720432,12.666666666666666,27.966666666666665,0.0,0.3180778032036613,0.0,True,False,0,0,India,6,0,0.9962446986863744,,0.9962446986863744,High,0,Undervalued / High-value,0.548
P Dubey,India,All-rounder,Punjab Kings,2020-2025,5,2,1,23,16.0,False,23.0,33,69.69,0,0,0,2,0,5,13.0,0,111,2,Jan-19,55.5,8.53,39.0,0,0,30,30,0.3,3.4011973816621555,1.0,11.5,0.4,0.0606060606060606,2.6,True,True,0,1,India,0,0,-0.5221512775894271,-0.5392616036846568,-0.5298509243322805,Low,1,Low-cost / Low-impact,0.313
PD Salt,England,Wicket-keeper,Royal Challengers Bengaluru,2023-2026,40,40,3,1258,89.0,True,34.0,721,174.47,0,12,4,138,67,0,0.0,0,0,0,,,,,0,0,200,1150,11.5,7.047517221357296,5.75,31.45,0.0,0.2843273231622746,0.0,True,False,1,0,Overseas,12,0,1.1429606031805717,,1.1429606031805717,High,0,Undervalued / High-value,-0.093
PVD Chameera,Sri Lanka,Bowler,Delhi Capitals,2022-2026,20,12,8,53,17.0,False,13.25,45,117.77,0,0,2,3,3,19,64.0,0,621,13,Feb-17,47.76,9.7,29.5,0,0,75,75,0.75,4.31748811353631,1.0,4.416666666666667,0.65,0.1333333333333333,3.2,True,True,1,0,Overseas,0,0,-0.3958311739200484,-0.3329467849415568,-0.3423794432883306,Low,1,Low-cost / Low-impact,-0.123
PW Hasaranga,Sri Lanka,All-rounder,Rajasthan Royals,2021-2025,37,19,4,81,18.0,False,5.4,88,92.04,0,0,5,7,1,37,133.0,1,1119,46,May-18,24.32,8.41,17.3,2,1,200,525,5.25,6.263398262591624,2.625,4.2631578947368425,1.2432432432432432,0.0909090909090909,3.5945945945945947,True,True,1,0,Overseas,0,3,-0.5526872050098961,0.7221350715617446,0.0209828194473422,Medium,3,High-performing but Expensive,-1.098
Prince Yadav,India,All-rounder,Lucknow Super Giants,2025-2026,20,3,3,5,4.0,True,,11,45.45,0,0,0,0,0,20,74.5,0,684,19,Mar-32,36.0,9.14,23.6,0,0,30,30,0.3,3.4011973816621555,1.0,1.6666666666666667,0.95,0.0,3.725,True,True,0,0,India,0,0,-0.9448734079252664,0.0155874076332751,-0.5126660409239228,Low,1,Low-cost / Low-impact,0.337
Q de Kock,South Africa,Wicket-keeper,Kolkata Knight Riders,2013-2026,118,118,8,3441,140.0,True,31.28,2550,134.94,3,24,4,334,143,0,0.0,0,0,0,,,,,0,0,200,360,3.6,5.886104031450156,1.8,29.161016949152543,0.0,0.1870588235294117,0.0,True,False,1,0,Overseas,27,0,1.534550658023252,,1.534550658023252,High,0,Undervalued / High-value,1.361
R Ashwin,India,All-rounder,Chennai Super Kings,2009-2025,221,98,34,833,50.0,False,13.01,705,118.15,0,1,12,64,29,217,785.0,4,5652,187,Apr-34,30.22,7.2,25.1,1,0,200,975,9.75,6.882437470997847,4.875,8.5,0.8461538461538461,0.1319148936170212,3.5520361990950224,True,True,0,0,India,1,1,-0.0844225277038572,1.2856470745558828,0.5321087933130257,High,3,High-performing but Expensive,-0.841
R Minz,India,Wicket-keeper,Mumbai Indians,2025-2026,4,4,1,12,5.0,False,4.0,19,63.15,0,0,0,1,0,0,0.0,0,0,0,,,,,0,0,30,65,0.65,4.174387269895637,2.1666666666666665,3.0,0.0,0.0526315789473684,0.0,True,False,0,1,India,0,0,-0.7684472656417847,,-0.7684472656417847,Low,1,Low-cost / Low-impact,-0.624
R Powell,West Indies,All-rounder,Kolkata Knight Riders,2022-2026,40,30,5,555,67.0,True,22.2,390,142.3,0,1,2,38,38,2,3.0,0,35,1,Jan-18,35.0,11.66,18.0,0,0,150,150,1.5,5.010635294096256,1.0,18.5,0.025,0.1948717948717948,0.075,True,True,1,0,Overseas,1,0,0.2689318908227755,-0.7446626458735588,-0.1871856506905749,Low,2,Fair-value Mid-market,-0.433
R Ravindra,New Zealand,All-rounder,Chennai Super Kings,2024-2025,18,18,1,413,65.0,True,24.29,287,143.9,0,2,2,40,16,2,2.0,0,7,0,,,3.5,,0,0,150,400,4.0,5.991464547107982,2.6666666666666665,22.944444444444443,0.0,0.1951219512195122,0.1111111111111111,True,True,1,0,Overseas,2,0,0.3587125136872855,-0.29939328396903,0.0625649047419435,Medium,3,High-performing but Expensive,-0.829
R Sai Kishore,India,All-rounder,Gujarat Titans,2022-2026,28,5,1,18,13.0,False,4.5,16,112.5,0,0,0,0,2,27,77.3,0,697,33,Apr-33,21.12,8.99,14.0,1,0,75,200,2.0,5.298317366548036,2.6666666666666665,3.6,1.1785714285714286,0.125,2.7607142857142857,True,True,0,0,India,0,1,-0.4570475767817511,0.4539440236118207,-0.0471013566046438,Medium,2,Fair-value Mid-market,-0.454
R Shepherd,West Indies,All-rounder,Royal Challengers Bengaluru,2022-2026,33,19,8,268,53.0,True,24.36,153,175.16,0,1,2,18,22,28,60.0,0,706,17,Mar-54,41.52,11.76,21.1,0,0,150,150,1.5,5.010635294096256,1.0,14.105263157894736,0.5151515151515151,0.261437908496732,1.818181818181818,True,True,1,0,Overseas,1,0,0.3098442152278198,-0.448432297316592,-0.0313802154171655,Medium,2,Fair-value Mid-market,-0.21
RA Bawa,India,All-rounder,Mumbai Indians,2022-2026,8,4,1,35,16.0,False,11.66,32,109.37,0,0,1,2,0,2,4.0,0,50,2,01-Nov,25.0,12.5,12.0,0,0,30,30,0.3,3.4011973816621555,1.0,8.75,0.25,0.0625,0.5,True,True,0,1,India,0,0,-0.4251114154954858,-0.5732290425937732,-0.4917643476897152,Low,1,Low-cost / Low-impact,0.367
RA Tripathi,India,Batter,Chennai Super Kings,2017-2025,100,98,11,2291,93.0,False,26.33,1662,137.84,0,12,4,229,85,1,1.0,0,12,0,,,12.0,,0,0,75,340,3.4,5.828945617610208,4.533333333333333,23.377551020408163,0.0,0.1889290012033694,0.01,True,True,0,0,India,12,0,0.9370298290478372,-0.9262583321619916,0.7507010129268543,High,3,High-performing but Expensive,0.282
RD Chahar,India,Bowler,Sunrisers Hyderabad,2017-2026,80,24,8,129,25.0,True,8.06,124,104.03,0,0,8,13,5,79,282.2,1,2196,75,Apr-27,29.28,7.77,22.5,1,0,100,320,3.2,5.768320995793772,3.2,5.375,0.9375,0.1451612903225806,3.5275,True,True,0,0,India,0,1,-0.3916367610468653,0.5908766389091709,0.4434996289157654,High,3,High-performing but Expensive,-0.112
RD Rickelton,South Africa,Wicket-keeper,Mumbai Indians,2025-2026,26,26,2,836,123.0,True,34.83,497,168.2,1,5,0,78,55,0,0.0,0,0,0,,,,,0,0,100,100,1.0,4.605170185988092,1.0,32.15384615384615,0.0,0.2676056338028169,0.0,True,False,1,0,Overseas,6,0,0.9336474214540617,,0.9336474214540617,High,2,Fair-value Mid-market,1.484
RJW Topley,England,Bowler,Mumbai Indians,2023-2025,6,1,1,3,3.0,True,,6,50.0,0,0,0,0,0,6,20.0,0,222,5,Feb-27,44.4,11.1,24.0,0,0,75,75,0.75,4.31748811353631,1.0,3.0,0.8333333333333334,0.0,3.333333333333333,True,True,1,1,Overseas,0,0,-0.8948524944981624,-0.3409431243818853,-0.4240295298993268,Low,1,Low-cost / Low-impact,-0.24
RR Pant,India,Batter,Lucknow Super Giants,2016-2026,139,136,21,3865,128.0,True,33.6,2633,146.79,2,20,7,349,181,0,0.0,0,0,0,,,,,0,0,200,2700,27.0,7.90100705199242,13.5,28.419117647058822,0.0,0.2012913026965438,0.0,True,False,0,0,India,22,0,1.6341058809516995,,1.6341058809516995,High,0,Undervalued / High-value,-0.045
RS Ghosh,India,All-rounder,Chennai Super Kings,2026-2026,1,0,0,0,,False,,0,,0,0,0,0,0,1,3.0,0,24,1,Jan-24,24.0,8.0,18.0,0,0,30,30,0.3,3.4011973816621555,1.0,,1.0,,3.0,False,True,0,1,India,0,0,,0.11487574645319,0.11487574645319,Medium,1,Low-cost / Low-impact,1.236
RS Hangargekar,India,All-rounder,Lucknow Super Giants,2023-2023,2,0,0,0,,False,,0,,0,0,0,0,0,2,6.0,0,60,3,Mar-36,20.0,10.0,12.0,0,0,30,30,0.3,3.4011973816621555,1.0,,1.5,,3.0,False,True,0,1,India,0,0,,0.3095448398350163,0.3095448398350163,Medium,1,Low-cost / Low-impact,1.515
Rahmanullah Gurbaz,Afghanistan,Wicket-keeper,Kolkata Knight Riders,2023-2025,19,18,1,363,81.0,False,21.35,269,134.94,0,2,2,34,22,0,0.0,0,0,0,,,,,0,0,200,200,2.0,5.298317366548036,1.0,20.166666666666668,0.0,0.20817843866171,0.0,True,False,1,0,Overseas,2,0,0.2603944446170875,,0.2603944446170875,Medium,2,Fair-value Mid-market,-0.013
Rasikh Salam,India,Bowler,Royal Challengers Bengaluru,2019-2026,25,8,3,43,10.0,False,8.6,42,102.38,0,0,0,5,0,25,81.2,1,814,29,Apr-24,28.06,10.0,16.8,1,0,30,600,6.0,6.396929655216146,20.0,5.375,1.16,0.119047619047619,3.248,True,True,0,0,India,0,1,-0.4559272445326514,0.2878183920113714,0.176256546529768,Medium,3,High-performing but Expensive,-0.978
S Gopal,India,All-rounder,Chennai Super Kings,2014-2024,52,22,8,180,24.0,False,12.85,169,106.5,0,0,4,19,2,51,165.1,1,1349,52,Apr-16,25.94,8.16,19.0,1,0,30,30,0.3,3.4011973816621555,1.0,8.181818181818182,1.0,0.1242603550295858,3.175,True,True,0,0,India,0,1,-0.3289094417294504,0.4850623294061955,0.0373778552815902,Medium,1,Low-cost / Low-impact,1.125
S Joseph,West Indies,Bowler,Lucknow Super Giants,2024-2024,1,0,0,0,,False,,0,,0,0,0,0,0,1,4.0,0,47,0,,,11.75,,0,0,75,75,0.75,4.31748811353631,1.0,,0.0,,4.0,False,True,1,1,Overseas,0,0,,-0.9078211248621983,-0.9078211248621983,Low,1,Low-cost / Low-impact,-0.933
SB Dubey,India,Batter,Rajasthan Royals,2024-2026,20,17,7,220,34.0,True,22.0,143,153.84,0,0,1,17,13,0,0.0,0,0,0,,,,,0,0,30,80,0.8,4.382026634673881,2.6666666666666665,12.941176470588236,0.0,0.2097902097902098,0.0,True,False,0,0,India,0,0,0.1022206003701684,,0.1022206003701684,Medium,2,Fair-value Mid-market,0.464
SE Rutherford,West Indies,Batter,Gujarat Titans,2019-2026,31,27,6,520,71.0,True,24.76,364,142.85,0,1,2,30,38,6,6.5,0,59,1,01-Jun,59.0,8.63,41.0,0,0,150,260,2.6,5.560681631015528,1.7333333333333334,19.25925925925926,0.032258064516129,0.1868131868131868,0.2096774193548387,True,True,1,0,Overseas,1,0,0.2695831975529323,-0.7833060083419229,0.1642942769634467,Medium,2,Fair-value Mid-market,-0.352
SH Johnson,Australia,Bowler,Kolkata Knight Riders,2024-2026,12,6,5,8,5.0,True,8.0,12,66.66,0,0,1,1,0,12,38.2,0,396,7,Feb-25,56.57,10.33,32.8,0,0,200,280,2.8,5.634789603169249,1.4,1.3333333333333333,0.5833333333333334,0.0833333333333333,3.1833333333333336,True,True,1,0,Overseas,0,0,-0.754177994986909,-0.5319987507771035,-0.5653256374085742,Low,2,Fair-value Mid-market,-1.455
SK Rasheed,India,Batter,Chennai Super Kings,2025-2025,5,5,0,71,27.0,False,14.2,63,112.69,0,0,1,9,2,0,0.0,0,0,0,,,,,0,0,30,30,0.3,3.4011973816621555,1.0,14.2,0.0,0.1746031746031746,0.0,True,False,0,1,India,0,0,-0.1175392534939863,,-0.1175392534939863,Low,1,Low-cost / Low-impact,0.903
SM Curran,England,All-rounder,Chennai Super Kings,2019-2025,64,53,13,997,88.0,False,24.92,731,136.38,0,6,4,85,41,63,208.5,0,2033,59,04-Nov,34.45,9.73,21.2,1,0,200,240,2.4,5.480638923341991,1.2,18.81132075471698,0.921875,0.1723666210670314,3.2578125,True,True,1,0,Overseas,6,1,0.3944014816961851,0.3070840951923954,0.3551086577694798,Medium,2,Fair-value Mid-market,-0.018
SS Iyer,India,Batter,Punjab Kings,2015-2026,147,145,27,4229,101.0,True,35.83,3093,136.72,1,32,7,353,182,1,1.0,0,7,0,,,7.0,,0,0,200,2675,26.75,7.891704659330107,13.375,29.16551724137931,0.0,0.172971225347559,0.0068027210884353,True,True,0,0,India,33,0,1.7955194004309132,-0.5575141861661317,1.5602160417712083,High,0,Undervalued / High-value,-0.144
Sachin Baby,India,Batter,Sunrisers Hyderabad,2013-2025,20,11,2,144,33.0,False,16.0,118,122.03,0,0,1,11,5,2,1.4,0,8,2,02-Apr,4.0,4.8,5.0,0,0,30,30,0.3,3.4011973816621555,1.0,13.090909090909092,0.1,0.135593220338983,0.0699999999999999,True,True,0,0,India,0,0,-0.1415612124959003,0.0323313473388334,-0.1241719565124269,Low,1,Low-cost / Low-impact,0.894
Sameer Rizvi,India,Batter,Delhi Capitals,2024-2026,24,18,4,424,90.0,False,30.28,293,144.7,0,3,3,30,26,0,0.0,0,0,0,,,,,0,0,30,95,0.95,4.553876891600541,3.1666666666666665,23.55555555555556,0.0,0.1911262798634812,0.0,True,False,0,0,India,3,0,0.3857989400770933,,0.3857989400770933,High,2,Fair-value Mid-market,0.739
Shahbaz Ahmed,India,All-rounder,Lucknow Super Giants,2020-2026,63,40,11,603,59.0,True,20.79,489,123.31,0,1,1,33,28,50,109.1,0,1069,27,03-Jul,39.59,9.79,24.2,0,0,100,240,2.4,5.480638923341991,2.4,15.075,0.4285714285714285,0.1247443762781186,1.7317460317460316,True,True,0,0,India,1,0,0.0268877057583043,-0.2887007132254283,-0.1151270827843753,Low,2,Fair-value Mid-market,-0.691
Simarjeet Singh,India,Bowler,Sunrisers Hyderabad,2022-2025,14,6,3,10,3.0,True,3.33,15,66.66,0,0,2,0,0,14,40.0,0,400,11,Mar-26,36.36,10.0,21.8,0,0,30,150,1.5,5.010635294096256,5.0,1.6666666666666667,0.7857142857142857,0.0,2.857142857142857,True,True,0,0,India,0,0,-0.8590293142693459,-0.181256001037495,-0.2829219980222726,Low,2,Fair-value Mid-market,-0.571
Suryansh Shedge,India,All-rounder,Punjab Kings,2025-2026,12,10,3,165,57.0,False,23.57,101,163.36,0,1,0,9,12,1,3.0,0,40,0,,,13.33,,0,0,30,30,0.3,3.4011973816621555,1.0,16.5,0.0,0.2079207920792079,0.25,True,True,0,0,India,1,0,0.221584573308545,-1.02434427499689,-0.3390834084289007,Low,1,Low-cost / Low-impact,0.586
Suyash Sharma,India,Bowler,Royal Challengers Bengaluru,2023-2026,39,0,0,0,,False,,0,,0,0,0,0,0,39,133.5,1,1190,27,Mar-17,44.07,8.89,29.7,0,0,30,260,2.6,5.560681631015528,8.666666666666666,,0.6923076923076923,,3.423076923076923,False,True,0,0,India,0,0,,-0.1340591252512047,-0.1340591252512047,Low,2,Fair-value Mid-market,-0.78
Swapnil Singh,India,All-rounder,Royal Challengers Bengaluru,2016-2024,14,9,4,51,15.0,True,10.2,45,113.33,0,0,2,3,3,14,27.0,0,241,7,Feb-28,34.42,8.92,23.1,0,0,30,50,0.5,3.912023005428146,1.6666666666666667,5.666666666666667,0.5,0.1333333333333333,1.9285714285714288,True,True,0,0,India,0,0,-0.3836746744216465,-0.2737983366599006,-0.3342303224288609,Low,1,Low-cost / Low-impact,0.2
T Natarajan,India,Bowler,Delhi Capitals,2017-2026,73,5,5,4,3.0,True,,7,57.14,0,0,0,0,0,72,257.4,2,2374,72,Apr-19,32.97,9.21,21.4,1,0,200,1075,10.75,6.980075940561763,5.375,0.8,0.9863013698630136,0.0,3.5260273972602736,True,True,0,0,India,0,1,-0.919585736919085,0.4718587330619093,0.2631420625647601,Medium,3,High-performing but Expensive,-1.302
T Vijay,India,All-rounder,Delhi Capitals,2026-2026,1,0,0,0,,False,,0,,0,0,0,0,0,1,2.0,0,29,0,,,14.5,,0,0,30,30,0.3,3.4011973816621555,1.0,,0.0,,2.0,False,True,0,1,India,0,0,,-1.1106304051599212,-1.1106304051599212,Low,1,Low-cost / Low-impact,-0.52
TA Boult,New Zealand,Bowler,Mumbai Indians,2015-2026,125,31,21,93,17.0,True,9.3,85,109.41,0,0,3,5,4,124,463.2,11,3935,145,Apr-18,27.13,8.49,19.1,2,0,200,1250,12.5,7.1308988302963465,6.25,3.0,1.16,0.1058823529411764,3.7056,True,True,1,0,Overseas,0,2,-0.4906528066298847,1.2067217287205578,0.9521155484179914,High,3,High-performing but Expensive,-0.43
TH David,Australia,All-rounder,Royal Challengers Bengaluru,2021-2026,66,59,24,1151,70.0,True,32.88,650,177.07,0,2,4,76,83,1,1.0,0,18,0,,,18.0,,0,0,200,300,3.0,5.703782474656201,1.5,19.508474576271187,0.0,0.2446153846153846,0.0151515151515151,True,True,1,0,Overseas,2,0,0.6649847265831543,-1.3687513073570228,-0.2501964886899253,Low,2,Fair-value Mid-market,-1.056
TU Deshpande,India,Bowler,Rajasthan Royals,2020-2026,53,10,6,54,25.0,False,13.5,36,150.0,0,0,0,2,4,53,183.5,0,1858,55,Apr-27,33.78,10.1,20.0,1,0,100,650,6.5,6.476972362889683,6.5,5.4,1.0377358490566038,0.1666666666666666,3.462264150943396,True,True,0,0,India,0,1,-0.1978059857920259,0.3269806079974373,0.2482626189290178,Medium,3,High-performing but Expensive,-0.936
Umran Malik,India,Bowler,Kolkata Knight Riders,2021-2024,26,6,4,23,19.0,True,11.5,16,143.75,0,0,2,1,2,26,82.1,1,772,29,May-25,26.62,9.39,17.0,1,1,75,75,0.75,4.31748811353631,1.0,3.8333333333333335,1.1153846153846154,0.1875,3.157692307692308,True,True,0,0,India,0,2,-0.2404090570029344,0.3884771984646503,0.2941442601445125,Medium,2,Fair-value Mid-market,0.789
V Nigam,India,All-rounder,Delhi Capitals,2025-2026,19,10,2,157,39.0,False,19.62,89,176.4,0,0,1,17,8,18,48.0,0,469,13,Feb-18,36.07,9.77,22.1,0,0,30,50,0.5,3.912023005428146,1.6666666666666667,15.7,0.6842105263157895,0.2808988764044944,2.526315789473684,True,True,0,0,India,0,0,0.3397818814333289,-0.205727030141289,0.0943028712247508,Medium,1,Low-cost / Low-impact,0.814
V Puthur,India,All-rounder,Mumbai Indians,2025-2025,5,0,0,0,,False,,0,,0,0,0,0,0,5,12.0,0,109,6,Mar-32,18.16,9.08,12.0,0,0,30,30,0.3,3.4011973816621555,1.0,,1.2,,2.4,False,True,0,1,India,0,0,,0.2431576110409651,0.2431576110409651,Medium,1,Low-cost / Low-impact,1.42
V Shankar,India,All-rounder,Chennai Super Kings,2014-2025,78,65,18,1233,69.0,True,26.23,950,129.78,0,7,2,88,48,22,39.4,0,344,9,Feb-19,38.22,8.67,26.4,0,0,30,120,1.2,4.787491742782046,4.0,18.96923076923077,0.1153846153846153,0.1431578947368421,0.5051282051282051,True,True,0,0,India,7,0,0.4046128369585853,-0.4886585305246071,0.0026407215911487,Medium,2,Fair-value Mid-market,0.01
V Sooryavanshi,India,Batter,Rajasthan Royals,2025-2026,23,23,0,1028,103.0,False,44.69,449,228.95,2,6,2,81,96,0,0.0,0,0,0,,,,,0,0,30,110,1.1,4.700480365792417,3.6666666666666665,44.69565217391305,0.0,0.3942093541202672,0.0,True,False,0,0,India,8,0,1.7257304859516025,,1.7257304859516025,High,0,Undervalued / High-value,2.546
V Vyshak,India,Bowler,Punjab Kings,2023-2026,26,6,4,16,13.0,True,8.0,16,100.0,0,0,2,0,1,25,86.3,0,906,26,Mar-20,34.84,10.47,19.9,0,0,30,180,1.8,5.19295685089021,6.0,2.6666666666666665,1.0,0.0625,3.319230769230769,True,True,0,0,India,0,0,-0.615172809562551,0.0151244653184621,-0.0794201259136898,Medium,2,Fair-value Mid-market,-0.419
VG Arora,India,Bowler,Kolkata Knight Riders,2022-2026,43,12,8,10,2.0,True,2.5,27,37.03,0,0,3,0,0,42,144.2,1,1406,47,Mar-27,29.91,9.74,18.4,0,0,30,180,1.8,5.19295685089021,6.0,0.8333333333333334,1.0930232558139534,0.0,3.353488372093023,True,True,0,0,India,0,0,-0.9974006696044266,0.2930664907484824,0.099496416695546,Medium,2,Fair-value Mid-market,-0.163
VR Iyer,India,All-rounder,Kolkata Knight Riders,2021-2026,69,62,9,1677,104.0,False,31.64,1181,141.99,1,13,2,157,78,9,13.3,0,143,3,Feb-29,47.66,10.59,27.0,0,0,200,2375,23.75,7.772752716468742,11.875,27.048387096774192,0.0434782608695652,0.1989839119390347,0.1927536231884058,True,True,0,0,India,14,0,0.9215814199611242,-0.77749229975084,0.1569982460907403,Medium,3,High-performing but Expensive,-2.063
Vishnu Vinod,India,Wicket-keeper,Punjab Kings,2017-2026,7,7,1,71,30.0,False,11.83,65,109.23,0,0,0,4,4,0,0.0,0,0,0,,,,,0,0,30,95,0.95,4.553876891600541,3.1666666666666665,10.142857142857142,0.0,0.123076923076923,0.0,True,False,0,1,India,0,0,-0.300070368040629,,-0.300070368040629,Low,2,Fair-value Mid-market,-0.244
WG Jacks,England,All-rounder,Mumbai Indians,2024-2026,28,26,4,602,100.0,True,27.36,379,158.83,1,2,0,50,38,19,31.5,0,314,10,Feb-14,31.4,9.86,19.1,0,0,200,525,5.25,6.263398262591624,2.625,23.15384615384616,0.3571428571428571,0.2321899736147757,1.125,True,True,1,0,Overseas,3,0,0.5341396691836975,-0.3609701394645133,0.1313402552920026,Medium,3,High-performing but Expensive,-0.94
Washington Sundar,India,All-rounder,Gujarat Titans,2017-2026,83,61,18,888,55.0,False,20.65,656,135.36,0,3,3,82,28,68,195.4,1,1520,40,Mar-16,38.0,7.76,29.3,0,0,200,320,3.2,5.768320995793772,1.6,14.557377049180328,0.4819277108433735,0.1676829268292683,2.35421686746988,True,True,0,0,India,3,0,0.2175493145317897,-0.0341482921351004,0.1042853915316891,Medium,2,Fair-value Mid-market,-0.598
XC Bartlett,Australia,Bowler,Punjab Kings,2025-2026,13,4,2,40,18.0,True,20.0,28,142.85,0,0,1,3,2,13,43.3,0,484,7,02-Sep,69.14,11.12,37.2,0,0,75,80,0.8,4.382026634673881,1.0666666666666669,10.0,0.5384615384615384,0.1785714285714285,3.3307692307692305,True,True,1,0,Overseas,0,0,-0.1019376169710844,-0.7273780489569817,-0.6335619841590971,Low,1,Low-cost / Low-impact,-0.59
YS Chahal,India,Bowler,Punjab Kings,2013-2026,188,20,13,37,8.0,True,5.28,86,43.02,0,0,1,0,0,184,672.5,4,5417,233,May-40,23.24,8.05,17.3,8,1,200,1800,18.0,7.495541943884256,9.0,1.85,1.2393617021276595,0.0,3.577127659574468,True,True,0,0,India,0,9,-0.9418619944957608,2.385111253305208,1.8860652661350623,High,0,Undervalued / High-value,0.628
Yash Thakur,India,Bowler,Punjab Kings,2023-2026,22,0,0,0,,False,,0,,0,0,0,0,0,22,77.5,1,825,27,May-30,30.55,10.59,17.2,1,1,30,160,1.6,5.075173815233827,5.333333333333333,,1.2272727272727273,,3.522727272727273,False,True,0,0,India,0,2,,0.3224588703047493,0.3224588703047493,Medium,2,Fair-value Mid-market,0.247
Yudhvir Singh,India,All-rounder,Rajasthan Royals,2023-2025,9,4,0,22,14.0,False,5.5,16,137.5,0,0,1,1,2,9,23.0,0,253,8,Mar-47,31.62,11.0,17.2,0,0,30,35,0.35,3.555348061489413,1.1666666666666667,5.5,0.8888888888888888,0.1875,2.555555555555556,True,True,0,1,India,0,0,-0.2250865824717471,-0.1618357887456001,-0.1966237252949809,Low,1,Low-cost / Low-impact,0.672
Zeeshan Ansari,India,Bowler,Sunrisers Hyderabad,2025-2025,10,0,0,0,,False,,0,,0,0,0,0,0,10,33.5,0,333,6,Mar-42,55.5,9.84,33.8,0,0,30,40,0.4,3.688879454113936,1.3333333333333333,,0.6,,3.35,False,True,0,0,India,0,0,,-0.4883715131520004,-0.4883715131520004,Low,1,Low-cost / Low-impact,0.151
