Auction_Name,Statsguru_Name,Match_Type,Confidence
Arshdeep Singh †,Arshdeep Singh,exact,high
KL Rahul,KL Rahul,exact,high
Mohammed Shami,Mohammed Shami,exact,high
Mohammed Siraj,Mohammed Siraj,exact,high
Rahmanullah Gurbaz,Rahmanullah Gurbaz,exact,high
Ishan Kishan,Ishan Kishan,exact,high
Avesh Khan,Avesh Khan,exact,high
Noor Ahmad,Noor Ahmad,exact,high
Harpreet Brar,Harpreet Brar,exact,high
Naman Dhir †,Naman Dhir,exact,high
Sameer Rizvi,Sameer Rizvi,exact,high
Abdul Samad,Abdul Samad,exact,high
Anuj Rawat,Anuj Rawat,exact,high
Vishnu Vinod,Vishnu Vinod,exact,high
Simarjeet Singh,Simarjeet Singh,exact,high
Yash Thakur,Yash Thakur,exact,high
Suyash Sharma,Suyash Sharma,exact,high
Washington Sundar,Washington Sundar,exact,high
Akash Deep,Akash Deep,exact,high
Mukesh Kumar †,Mukesh Kumar,exact,high
Himmat Singh,Himmat Singh,exact,high
Arshad Khan,Arshad Khan,exact,high
Swapnil Singh †,Swapnil Singh,exact,high
Gurnoor Brar,Gurnoor Brar,exact,high
Mukesh Choudhary,Mukesh Choudhary,exact,high
Zeeshan Ansari,Zeeshan Ansari,exact,high
Shahbaz Ahmed,Shahbaz Ahmed,exact,high
Azmatullah Omarzai,Azmatullah Omarzai,exact,high
Umran Malik,Umran Malik,exact,high
Sachin Baby,Sachin Baby,exact,high
Yudhvir Singh,Yudhvir Singh,exact,high
Ashwani Kumar,Ashwani Kumar,exact,high
Akash Singh,Akash Singh,exact,high
Gurjapneet Singh,Gurjapneet Singh,exact,high
Fazalhaq Farooqi,Fazalhaq Farooqi,exact,high
Mohit Rathee,Mohit Rathee,exact,high
Musheer Khan,Musheer Khan,exact,high
Suryansh Shedge,Suryansh Shedge,exact,high
Prince Yadav,Prince Yadav,exact,high
Abhinandan Singh,Abhinandan Singh,exact,high
Karim Janat,Karim Janat,exact,high
Ashok Sharma,Ashok Sharma,exact,high
Jos Buttler,JC Buttler,initial,high
Shreyas Iyer,SS Iyer,initial,high
Rishabh Pant,RR Pant,initial,high
Kagiso Rabada,K Rabada,initial,high
Mitchell Starc,MA Starc,initial,high
Yuzvendra Chahal,YS Chahal,initial,high
Liam Livingstone,LS Livingstone,initial,high
David Miller,DA Miller,initial,high
Harry Brook,HC Brook,initial,high
Devon Conway,DP Conway,initial,high
Jake Fraser-McGurk †,J Fraser-McGurk,initial,high
Aiden Markram,AK Markram,initial,high
Devdutt Padikkal,D Padikkal,initial,high
Rahul Tripathi,RA Tripathi,initial,high
Ravichandran Ashwin,R Ashwin,initial,high
Venkatesh Iyer,VR Iyer,initial,high
Mitchell Marsh,MR Marsh,initial,high
Glenn Maxwell,GJ Maxwell,initial,high
Harshal Patel,HV Patel,initial,high
Rachin Ravindra †,R Ravindra,initial,high
Marcus Stoinis,MP Stoinis,initial,high
Quinton de Kock,Q de Kock,initial,high
Phil Salt,PD Salt,initial,high
Khaleel Ahmed,KK Ahmed,initial,high
Jofra Archer,JC Archer,initial,high
Trent Boult,TA Boult,initial,high
Josh Hazlewood,JR Hazlewood,initial,high
T. Natarajan,T Natarajan,initial,high
Anrich Nortje,A Nortje,initial,high
Rahul Chahar,RD Chahar,initial,high
Maheesh Theekshana,M Theekshana,initial,high
Adam Zampa,A Zampa,initial,high
Abhinav Manohar,A Manohar,initial,high
Karun Nair,KK Nair,initial,high
Angkrish Raghuvanshi,A Raghuvanshi,initial,high
Atharva Taide,A Taide,initial,high
Nehal Wadhera,N Wadhera,initial,high
Mahipal Lomror,MK Lomror,initial,high
Vijay Shankar,V Shankar,initial,high
Nishant Sindhu,N Sindhu,initial,high
Kumar Kushagra,K Kushagra,initial,high
Robin Minz,R Minz,initial,high
Vaibhav Arora,VG Arora,initial,high
Akash Madhwal,A Madhwal,initial,high
Mohit Sharma,MM Sharma,initial,high
Vijaykumar Vyshak,V Vyshak,initial,high
Shreyas Gopal,S Gopal,initial,high
Mayank Markande,M Markande,initial,high
Kumar Kartikeya,K Kartikeya,initial,high
Manav Suthar,MJ Suthar,initial,high
Faf du Plessis,F du Plessis,initial,high
Glenn Phillips,GD Phillips,initial,high
Rovman Powell,R Powell,initial,high
Ajinkya Rahane,AM Rahane,initial,high
Sam Curran,SM Curran,initial,high
Marco Jansen,M Jansen,initial,high
Krunal Pandya,KH Pandya,initial,high
Nitish Rana,N Rana,initial,high
Donovan Ferreira,D Ferreira,initial,high
Josh Inglis,JP Inglis,initial,high
Ryan Rickelton,RD Rickelton,initial,high
Deepak Chahar,DL Chahar,initial,high
Gerald Coetzee,G Coetzee,initial,high
Tushar Deshpande,TU Deshpande,initial,high
Lockie Ferguson,LH Ferguson,initial,high
Bhuvneshwar Kumar,B Kumar,initial,high
Allah Ghazanfar,AM Ghazanfar,initial,high
Shaik Rasheed,SK Rasheed,initial,high
Anshul Kamboj,A Kamboj,initial,high
Darshan Nalkande,DG Nalkande,initial,high
Anukul Roy,AS Roy,initial,high
Kunal Rathore,KS Rathore,initial,high
Arjun Tendulkar,AS Tendulkar,initial,high
Manimaran Siddharth,M Siddharth,initial,high
Manish Pandey,MK Pandey,initial,high
Sherfane Rutherford,SE Rutherford,initial,high
Tim David,TH David,initial,high
Deepak Hooda,DJ Hooda,initial,high
Will Jacks,WG Jacks,initial,high
Romario Shepherd,R Shepherd,initial,high
Spencer Johnson,SH Johnson,initial,high
Ishant Sharma,I Sharma,initial,high
Nuwan Thushara,N Thushara,initial,high
Jaydev Unadkat,JD Unadkat,initial,high
Rajvardhan Hangargekar,RS Hangargekar,initial,high
Arshin Kulkarni,AA Kulkarni,initial,high
Matthew Breetzke,MP Breetzke,initial,high
Mitchell Santner,MJ Santner,initial,high
Jayant Yadav,J Yadav,initial,high
Kwena Maphaka,KT Maphaka,initial,high
Kuldeep Sen,KR Sen,initial,high
Reece Topley,RJW Topley,initial,high
Lizaad Williams,LB Williams,initial,high
Priyansh Arya,P Arya,initial,high
Manoj Bhandage,MS Bhandage,initial,high
Praveen Dubey,P Dubey,initial,high
Vipraj Nigam,V Nigam,initial,high
Jacob Bethell,JG Bethell,initial,high
Nathan Ellis,NT Ellis,initial,high
Shamar Joseph †,S Joseph,initial,high
Aniket Verma,AU Verma,initial,high
Raj Angad Bawa,RA Bawa,initial,high
Kulwant Khejroliya,K Khejroliya,initial,high
Jamie Overton,J Overton,initial,high
Xavier Bartlett,XC Bartlett,initial,high
Lungi Ngidi,L Ngidi,initial,high
Kamlesh Nagarkoti,KL Nagarkoti,initial,high
Ramakrishna Ghosh,RS Ghosh,initial,high
Vaibhav Sooryavanshi,V Sooryavanshi,initial,high
Eshan Malinga,E Malinga,initial,high
Tripurana Vijay,T Vijay,initial,high
Madhav Tiwari,M Tiwari,initial,high
Vignesh Puthur,V Puthur,initial,high
Jitesh Sharma,JM Sharma,ambiguous,review
Jitesh Sharma,Joginder Sharma,ambiguous,review
Ashutosh Sharma,AR Sharma,ambiguous,review
Ashutosh Sharma,Abhishek Sharma,ambiguous,review
Ashutosh Sharma,Ankit Sharma,ambiguous,review
Ashutosh Sharma,Ashok Sharma,ambiguous,review
Karn Sharma,KS Sharma,ambiguous,review
Karn Sharma,KV Sharma,ambiguous,review
Karn Sharma,Kartik Sharma,ambiguous,review
Shubham Dubey,SB Dubey,ambiguous,review
Shubham Dubey,SR Dubey,ambiguous,review
Harnoor Singh,Harbhajan Singh,ambiguous,review
Harnoor Singh,Harmeet Singh,ambiguous,review
Harnoor Singh,Harpreet Singh,ambiguous,review
Harnoor Singh,Himmat Singh,ambiguous,review
Prasidh Krishna,M Prasidh Krishna,fuzzy,score=0.94
Prasidh Krishna,Rashid Khan,fuzzy,score=0.69
Prasidh Krishna,D Kalyankrishna,fuzzy,score=0.53
Wanindu Hasaranga,PW Hasaranga,fuzzy,score=0.76
Wanindu Hasaranga,Ankit Sharma,fuzzy,score=0.48
Aryan Juyal,A Uniyal,fuzzy,score=0.53
Aryan Juyal,Kamran Akmal,fuzzy,score=0.61
Aryan Juyal,Yash Dayal,fuzzy,score=0.57
Luvnith Sisodia,Ankit Soni,fuzzy,score=0.16
Rasikh Salam Dar,Rasikh Salam,fuzzy,score=0.86
Swastik Chikara,Kartik Sharma,fuzzy,score=0.64
Swastik Chikara,Ashok Sharma,fuzzy,score=0.59
Vansh Bedi,Suryansh Shedge,fuzzy,score=0.56
Vansh Bedi,AN Ahmed,fuzzy,score=0.56
Vansh Bedi,A Badoni,fuzzy,score=0.56
Digvesh Singh,Akash Singh,fuzzy,score=0.67
Digvesh Singh,Shivam Singh,fuzzy,score=0.64
Digvesh Singh,VRV Singh,fuzzy,score=0.64
Sai Kishore †,R Sai Kishore,fuzzy,score=0.92
Sai Kishore †,MA Khote,fuzzy,score=0.63
Sai Kishore †,A Mishra,fuzzy,score=0.63
Andre Siddarth,M Siddharth,fuzzy,score=0.72
Andre Siddarth,DR Smith,fuzzy,score=0.64
Andre Siddarth,Mandeep Singh,fuzzy,score=0.59
Ajay Mandal,A Madhwal,fuzzy,score=0.70
Ajay Mandal,R Sanjay Yadav,fuzzy,score=0.64
Ajay Mandal,A Manohar,fuzzy,score=0.60
Krishnan Shrijith,Krish Bhagat,fuzzy,score=0.48
Krishnan Shrijith,Ishan Kishan,fuzzy,score=0.55
Brydon Carse,RD Chahar,fuzzy,score=0.57
Brydon Carse,R McLaren,fuzzy,score=0.57
Aaron Hardie,F Behardien,fuzzy,score=0.61
Aaron Hardie,A Mhatre,fuzzy,score=0.60
Aaron Hardie,RJ Harris,fuzzy,score=0.57
Kamindu Mendis,PHKD Mendis,fuzzy,score=0.72
Kamindu Mendis,BKG Mendis,fuzzy,score=0.67
Kamindu Mendis,BAW Mendis,fuzzy,score=0.67
Dushmantha Chameera,PVD Chameera,fuzzy,score=0.65
Dushmantha Chameera,Shahbaz Ahmed,fuzzy,score=0.56
Manvanth Kumar L,PM Sarvesh Kumar,fuzzy,score=0.62
Manvanth Kumar L,Shivang Kumar,fuzzy,score=0.62
Manvanth Kumar L,Monu Kumar,fuzzy,score=0.62
Yuvraj Chaudhary,A Choudhary,fuzzy,score=0.74
Yuvraj Chaudhary,MD Choudhary,fuzzy,score=0.64
Yuvraj Chaudhary,RD Chahar,fuzzy,score=0.64
Pyla Avinash,L Ablish,fuzzy,score=0.60
Pyla Avinash,A Raghuvanshi,fuzzy,score=0.56
Bevon Jacobs,DJ Jacobs,fuzzy,score=0.67
