Player,Span,Mat,Inns,NO,Runs,HS,Ave,BF,SR,100,50,0,4s,6s,
V Kohli,2008-2026,283,275,44,9336,113*,40.41,6926,134.79,9,68,12,844,316,
RG Sharma,2008-2026,281,276,31,7329,109*,29.91,5514,132.91,2,49,19,661,323,
S Dhawan,2008-2024,222,221,29,6769,106*,35.25,5324,127.14,2,51,11,768,152,
DA Warner,2009-2024,184,184,22,6565,126,40.52,4697,139.77,4,62,11,663,236,
KL Rahul,2013-2026,159,150,24,5815,152*,46.15,4179,139.14,6,45,5,508,239,
SK Raina,2008-2021,205,200,30,5528,100*,32.51,4043,136.73,1,39,8,506,203,
MS Dhoni,2008-2025,278,242,100,5439,84*,38.3,3957,137.45,0,24,6,375,264,
AM Rahane,2008-2026,212,197,19,5367,105*,30.15,4273,125.6,2,35,15,539,141,
SV Samson,2013-2026,191,186,23,5181,119,31.78,3671,141.13,5,27,12,432,243,
AB de Villiers,2008-2021,184,170,40,5162,133*,39.7,3403,151.68,3,40,10,413,251,
CH Gayle,2009-2021,142,141,16,4965,175*,39.72,3333,148.96,6,31,8,404,357,
RV Uthappa,2008-2022,205,197,17,4952,88,27.51,3799,130.35,0,27,8,481,182,
KD Karthik,2008-2024,257,234,50,4842,97*,26.31,3577,135.36,0,22,18,466,161,
F du Plessis,2012-2025,154,147,11,4773,96,35.09,3515,135.78,0,39,7,439,174,
JC Buttler,2016-2026,138,136,19,4646,124,39.7,3103,149.72,7,28,8,458,211,
Shubman Gill,2018-2026,134,131,17,4598,129,40.33,3236,142.08,5,32,4,446,152,
SA Yadav,2012-2026,179,164,28,4581,103*,33.68,3083,148.58,2,31,12,482,178,
AT Rayudu,2010-2023,204,187,33,4348,100*,28.23,3409,127.54,1,22,14,359,173,
SS Iyer,2015-2026,147,145,27,4229,101*,35.83,3093,136.72,1,32,7,353,182,
G Gambhir,2008-2018,154,152,16,4217,93,31,3404,123.88,0,36,12,492,59,
MK Pandey,2008-2026,180,164,28,4012,114*,29.5,3293,121.83,1,22,14,348,117,
SR Watson,2008-2020,145,141,16,3874,117*,30.99,2809,137.91,4,21,7,375,190,
RR Pant,2016-2026,139,136,21,3865,128*,33.6,2633,146.79,2,20,7,349,181,
Ishan Kishan,2016-2026,134,127,9,3600,106*,30.5,2508,143.54,1,23,11,348,166,
RA Jadeja,2008-2026,268,209,88,3526,77*,29.14,2699,130.64,0,5,9,264,122,
Q de Kock,2013-2026,118,118,8,3441,140*,31.28,2550,134.94,3,24,4,334,143,
KA Pollard,2010-2022,189,171,52,3412,87*,28.67,2316,147.32,0,16,5,218,223,
DA Miller,2012-2026,152,145,53,3288,101*,35.73,2357,139.49,1,14,5,235,152,
YK Pathan,2008-2019,174,154,44,3204,100,29.12,2241,142.97,1,13,9,262,158,
N Rana,2016-2026,127,121,10,3078,91,27.72,2235,137.71,0,22,8,288,151,
HH Pandya,2015-2026,162,150,44,2955,91,27.87,2020,146.28,0,10,6,228,155,
WP Saha,2008-2024,170,145,24,2934,115*,24.24,2300,127.56,1,13,7,296,87,
BB McCullum,2008-2018,109,109,5,2880,158*,27.69,2186,131.74,2,13,6,293,130,
PA Patel,2008-2019,139,137,11,2848,81,22.6,2358,120.78,0,13,13,365,49,
RD Gaikwad,2020-2026,85,84,10,2839,108*,38.36,2093,135.64,2,22,7,260,107,
GJ Maxwell,2012-2025,141,135,17,2819,95,23.88,1817,155.14,0,18,19,237,161,
MA Agarwal,2011-2025,131,125,5,2756,106,22.96,2064,133.52,1,13,7,273,100,
Yuvraj Singh,2008-2019,132,126,15,2750,83,24.77,2120,129.71,0,13,4,217,149,
V Sehwag,2008-2015,104,104,5,2728,122,27.55,1755,155.44,2,16,7,334,106,
AD Russell,2012-2025,140,115,21,2651,88*,28.2,1522,174.17,0,12,6,186,223,
M Vijay,2009-2020,106,106,5,2619,127,25.93,2149,121.87,2,13,5,247,91,
YBK Jaiswal,2020-2026,83,82,5,2593,124,33.67,1697,152.79,2,18,4,310,110,
N Pooran,2019-2026,104,101,21,2527,87*,31.58,1540,164.09,0,15,9,168,186,
B Sai Sudharsan,2022-2026,57,57,5,2515,108*,48.36,1686,149.16,3,20,1,258,82,
SPD Smith,2012-2021,103,93,21,2485,101,34.51,1940,128.09,1,11,1,225,60,
SE Marsh,2008-2017,71,69,7,2477,115,39.95,1866,132.74,1,20,1,266,78,
JH Kallis,2008-2014,98,96,11,2427,89*,28.55,2222,109.22,0,17,9,255,44,
DR Smith,2008-2017,91,89,5,2385,87*,28.39,1764,135.2,0,17,8,245,117,
Abhishek Sharma,2018-2026,92,89,8,2379,141,29.37,1389,171.27,2,13,6,224,144,
SR Tendulkar,2008-2013,78,78,11,2334,100*,34.83,1948,119.81,1,13,4,295,29,
RA Tripathi,2017-2025,100,98,11,2291,93,26.33,1662,137.84,0,12,4,229,85,
D Padikkal,2020-2026,90,89,4,2270,101*,26.7,1705,133.13,1,14,6,239,80,
MP Stoinis,2016-2026,122,108,30,2242,124*,28.74,1520,147.5,1,10,10,181,117,
R Dravid,2008-2013,89,82,5,2174,75*,28.23,1882,115.51,0,11,3,268,28,
S Dube,2019-2026,92,87,19,2129,95*,31.3,1464,145.42,0,10,3,132,137,
KS Williamson,2015-2024,79,77,17,2128,89,35.46,1694,125.61,0,18,2,185,64,
H Klaasen,2018-2026,64,60,10,2104,105*,42.08,1262,166.71,2,13,1,146,120,
AJ Finch,2010-2022,92,90,7,2091,88*,25.19,1631,128.2,0,15,8,214,78,
AR Patel,2014-2026,176,135,39,2089,66,21.76,1562,133.73,0,4,9,146,100,
AC Gilchrist,2008-2013,80,80,4,2069,109*,27.22,1495,138.39,2,11,7,239,92,
JP Duminy,2009-2018,83,77,26,2029,78*,39.78,1636,124.02,0,14,1,126,79,
KH Pandya,2016-2026,158,127,42,1982,86,23.31,1481,133.82,0,3,7,173,76,
MEK Hussey,2008-2015,59,58,7,1977,116*,38.76,1612,122.64,1,15,1,198,52,
PP Shaw,2018-2024,79,79,0,1892,99,23.94,1283,147.46,0,14,7,238,61,
R Parag,2019-2026,98,86,13,1875,95,25.68,1300,144.23,0,9,3,135,108,
NT Tilak Varma,2022-2026,68,65,13,1858,101*,35.73,1284,144.7,1,10,2,143,91,
MR Marsh,2010-2026,68,62,2,1855,117,30.91,1249,148.51,2,12,7,155,111,
SP Narine,2012-2026,202,126,22,1820,109,17.5,1101,165.3,1,7,18,191,120,
Prabhsimran Singh,2019-2026,65,64,1,1815,103,28.8,1161,156.33,1,13,5,189,94,
DPMD Jayawardene,2008-2013,80,78,15,1802,110*,28.6,1462,123.25,1,10,2,200,39,
KK Nair,2013-2026,86,78,5,1712,89,23.45,1304,131.28,0,11,5,188,49,
Mandeep Singh,2010-2023,111,98,16,1706,77*,20.8,1388,122.91,0,6,15,176,38,
MK Tiwary,2008-2018,98,85,26,1695,75*,28.72,1449,116.97,0,7,8,156,40,
KC Sangakkara,2008-2013,71,68,3,1687,94,25.95,1392,121.19,0,10,4,195,27,
VR Iyer,2021-2026,69,62,9,1677,104,31.64,1181,141.99,1,13,2,157,78,
JM Bairstow,2019-2025,52,52,4,1674,114,34.87,1146,146.07,2,9,3,173,74,
AK Markram,2021-2026,69,66,11,1671,68*,30.38,1233,135.52,0,10,3,131,68,
RM Patidar,2021-2026,57,52,4,1612,112*,33.58,980,164.48,1,14,1,106,110,
DJ Bravo,2008-2022,161,113,44,1560,70*,22.6,1204,129.56,0,5,5,120,66,
SO Hetmyer,2019-2026,94,86,29,1560,75,27.36,1045,149.28,0,5,4,98,96,
TM Head,2016-2026,53,52,4,1556,102,32.41,915,170.05,1,10,6,172,78,
NV Ojha,2009-2018,113,94,19,1554,94*,20.72,1313,118.35,0,6,8,121,79,
DJ Hooda,2015-2025,125,101,16,1496,64,17.6,1172,127.64,0,8,5,98,62,
SS Tiwary,2008-2021,93,74,22,1494,61,28.73,1244,120.09,0,8,1,111,50,
S Badrinath,2008-2013,95,67,20,1441,71*,30.65,1212,118.89,0,11,6,154,28,
EJG Morgan,2010-2021,83,75,13,1405,68*,22.66,1146,122.6,0,5,6,112,64,
BJ Hodge,2008-2014,66,63,21,1400,73,33.33,1118,125.22,0,6,3,122,43,
RK Singh,2018-2026,73,62,21,1394,83*,34,955,145.96,0,6,1,114,67,
SC Ganguly,2008-2012,59,56,3,1349,91,25.45,1263,106.8,0,7,4,137,42,
CA Lynn,2012-2021,42,42,3,1329,93*,34.07,945,140.63,0,10,3,132,66,
DJ Hussey,2008-2014,64,61,12,1322,71,26.97,1075,122.97,0,5,4,90,60,
R Tewatia,2014-2026,124,92,37,1302,68,23.67,943,138.06,0,2,4,110,62,
PD Salt,2023-2026,40,40,3,1258,89*,34,721,174.47,0,12,4,138,67,
V Shankar,2014-2025,78,65,18,1233,69*,26.23,950,129.78,0,7,2,88,48,
KM Jadhav,2010-2023,95,81,27,1208,69,22.37,981,123.13,0,4,6,102,40,
DC Jurel,2023-2026,58,51,13,1195,81*,31.44,775,154.19,0,10,5,98,62,
A Badoni,2022-2026,66,56,10,1178,74,25.6,836,140.9,0,7,5,96,47,
MM Ali,2018-2025,73,59,6,1167,93,22.01,835,139.76,0,6,6,95,67,
TM Dilshan,2008-2013,52,50,7,1153,76*,26.81,1007,114.49,0,9,6,140,24,
TH David,2021-2026,66,59,24,1151,70*,32.88,650,177.07,0,2,4,76,83,
IK Pathan,2008-2017,103,82,29,1139,60,21.49,946,120.4,0,1,3,87,37,
ML Hayden,2008-2010,32,32,2,1107,93,36.9,805,137.51,0,8,1,121,44,
JM Sharma,2022-2026,71,59,11,1107,85*,23.06,726,152.47,0,1,3,86,68,
M Vohra,2013-2023,56,51,2,1083,95,22.1,829,130.63,0,3,3,104,43,
DP Conway,2022-2025,29,28,3,1080,92*,43.2,773,139.71,0,11,3,116,34,
LMP Simmons,2014-2017,29,29,2,1079,100*,39.96,852,126.64,1,11,2,109,44,
LS Livingstone,2019-2026,51,49,7,1066,94,25.38,687,155.16,0,7,3,70,76,
C Green,2023-2026,43,42,15,1029,100*,38.11,681,151.1,1,4,1,84,49,
V Sooryavanshi,2025-2026,23,23,0,1028,103,44.69,449,228.95,2,6,2,81,96,
LRPL Taylor,2008-2014,55,54,14,1017,81*,25.42,822,123.72,0,3,3,66,46,
KP Pietersen,2009-2016,36,36,9,1001,103*,37.07,743,134.72,1,4,3,91,40,
MC Henriques,2009-2021,62,54,18,1000,74*,27.77,788,126.9,0,5,2,87,28,
SM Curran,2019-2025,64,53,13,997,88,24.92,731,136.38,0,6,4,85,41,
Y Venugopal Rao,2008-2014,65,54,10,985,71*,22.38,836,117.82,0,3,2,77,37,
T Stubbs,2022-2026,46,43,18,980,71*,39.2,648,151.23,0,5,2,69,46,
JA Morkel,2008-2016,91,68,28,974,73*,24.35,686,141.98,0,3,3,61,55,
A Symonds,2008-2011,39,36,9,974,117*,36.07,750,129.86,1,5,0,74,41,
CL White,2008-2013,47,45,9,954,78,26.5,755,126.35,0,6,4,76,36,
BA Stokes,2017-2023,45,44,6,935,107*,24.6,698,133.95,2,2,3,81,32,
Shashank Singh,2022-2026,53,42,17,905,68*,36.2,560,161.6,0,6,3,67,51,
Washington Sundar,2017-2026,83,61,18,888,55,20.65,656,135.36,0,3,3,82,28,
HH Gibbs,2008-2012,36,36,4,886,69*,27.68,807,109.78,0,6,4,83,31,
A Raghuvanshi,2024-2026,35,30,4,885,82*,34.03,608,145.55,0,7,0,86,35,
STR Binny,2010-2019,95,68,22,880,48*,19.13,683,128.84,0,0,7,66,35,
Abdul Samad,2020-2026,71,60,16,857,45,19.47,576,148.78,0,0,4,55,55,
P Arya,2025-2026,30,30,0,839,103,27.96,437,191.99,1,5,3,82,57,
RD Rickelton,2025-2026,26,26,2,836,123*,34.83,497,168.2,1,5,0,78,55,
R Ashwin,2009-2025,221,98,34,833,50,13.01,705,118.15,0,1,12,64,29,
Harbhajan Singh,2008-2021,163,90,37,833,64,15.71,604,137.91,0,1,13,79,42,
MS Bisla,2010-2015,39,39,1,798,92,21,702,113.67,0,4,3,93,23,
Shakib Al Hasan,2011-2021,71,52,12,793,66*,19.82,637,124.48,0,2,4,73,21,
K Nitish Kumar Reddy,2023-2026,42,35,8,787,76*,29.14,541,145.47,0,3,1,50,46,
N Wadhera,2023-2026,44,37,4,784,70,23.75,560,140,0,4,2,64,43,
M Shahrukh Khan,2021-2026,64,54,16,775,58,20.39,524,147.9,0,2,3,49,52,
Abishek Porel,2023-2026,35,33,3,769,65,25.63,529,145.36,0,4,2,80,28,
ST Jayasuriya,2008-2010,30,30,2,768,114*,27.42,532,144.36,1,4,2,84,39,
SN Khan,2015-2026,58,44,11,746,67,22.6,543,137.38,0,2,4,86,20,
GC Smith,2008-2011,29,29,3,739,91,28.42,668,110.62,0,4,3,94,9,
AD Mathews,2009-2017,49,42,11,724,65*,23.35,575,125.91,0,1,3,44,29,
Naman Dhir,2024-2026,37,33,7,710,62*,27.3,433,163.97,0,3,5,67,36,
TL Suman,2009-2013,43,40,8,676,78*,21.12,575,117.56,0,2,3,55,26,
AM Nayar,2008-2014,60,50,12,672,45*,17.68,577,116.46,0,0,3,55,20,
GJ Bailey,2009-2016,40,37,10,663,61*,24.55,544,121.87,0,2,1,59,19,
E Lewis,2018-2022,27,26,2,654,65,27.25,477,137.1,0,4,2,62,36,
PJ Cummins,2014-2026,80,53,20,642,66*,19.45,421,152.49,0,3,4,40,44,
Rashid Khan,2017-2026,153,74,28,635,79*,13.8,406,156.4,0,1,16,45,43,
PP Chawla,2008-2024,192,92,36,624,24*,11.14,563,110.83,0,0,16,56,20,
CH Morris,2013-2021,81,51,23,618,82*,22.07,398,155.27,0,2,9,41,35,
JJ Roy,2017-2023,21,21,2,614,91*,32.31,443,138.6,0,4,0,75,21,
D Brevis,2022-2026,27,24,0,606,57,25.25,415,146.02,0,2,3,38,43,
JD Ryder,2009-2012,29,29,1,604,86,21.57,458,131.87,0,4,4,69,19,
Shahbaz Ahmed,2020-2026,63,40,11,603,59*,20.79,489,123.31,0,1,1,33,28,
WG Jacks,2024-2026,28,26,4,602,100*,27.36,379,158.83,1,2,0,50,38,
HM Amla,2016-2017,16,16,3,577,104*,44.38,407,141.76,2,3,2,60,21,
AR Sharma,2024-2026,32,26,7,564,66*,29.68,334,168.86,0,2,0,39,40,
R Powell,2022-2026,40,30,5,555,67*,22.2,390,142.3,0,1,2,38,38,
JP Inglis,2025-2026,16,16,2,544,85,38.85,314,173.24,0,4,0,58,28,
CJ Anderson,2014-2018,30,29,7,538,95*,24.45,423,127.18,0,3,2,40,31,
RS Bopara,2009-2015,24,22,4,531,84,29.5,453,117.21,0,3,2,39,16,
JP Faulkner,2011-2017,60,45,20,527,46,21.08,389,135.47,0,0,0,36,23,
MK Lomror,2018-2024,40,35,6,527,54*,18.17,373,141.28,0,1,3,33,30,
SE Rutherford,2019-2026,31,27,6,520,71*,24.76,364,142.85,0,1,2,30,38,
M Manhas,2008-2014,55,38,15,514,42*,22.34,470,109.36,0,0,6,43,10,
Gurkeerat Singh,2012-2020,41,32,8,511,65,21.29,422,121.09,0,2,4,55,11,
OA Shah,2010-2013,23,22,7,506,76,33.73,389,130.07,0,4,0,34,23,
PC Valthaty,2009-2013,23,23,1,505,120*,22.95,418,120.81,1,2,1,60,20,
SW Billings,2016-2022,30,27,1,503,56,19.34,388,129.63,0,3,3,40,20,
CPL Connolly,2026-2026,14,13,2,491,107*,44.63,301,163.12,1,2,1,43,32,
RR Rossouw,2014-2024,22,22,2,473,82*,23.65,308,153.57,0,2,4,45,25,
DT Christian,2011-2021,49,41,10,460,39,14.83,398,115.57,0,0,2,23,19,
A Mhatre,2025-2026,13,13,0,441,94,33.92,240,183.75,0,3,2,51,23,
Sameer Rizvi,2024-2026,24,18,4,424,90,30.28,293,144.7,0,3,3,30,26,
SA Asnodkar,2008-2011,20,20,0,423,60,21.15,339,124.77,0,2,3,56,10,
NLTC Perera,2010-2016,37,30,8,422,40,19.18,307,137.45,0,0,1,23,26,
JR Hopes,2008-2011,21,19,3,417,71,26.06,306,136.27,0,4,1,49,11,
R Ravindra,2024-2025,18,18,1,413,65*,24.29,287,143.9,0,2,2,40,16,
J Botha,2009-2015,34,28,8,409,67*,20.45,359,113.92,0,1,0,39,5,
LR Shukla,2008-2014,47,34,7,405,48*,15,350,115.71,0,0,3,33,15,
AL Menaria,2011-2013,29,23,2,401,40,19.09,356,112.64,0,0,1,24,18,
MV Boucher,2008-2011,31,24,10,394,50*,28.14,309,127.5,0,1,0,32,13,
CA Pujara,2010-2014,30,22,3,390,51,20.52,391,99.74,0,1,1,50,4,
Azhar Mahmood,2012-2015,23,21,2,388,80,20.42,303,128.05,0,2,2,39,13,
J Fraser-McGurk,2024-2025,15,15,0,385,84,25.66,193,199.48,0,4,3,39,30,
A Mishra,2008-2024,162,57,25,381,31,11.9,419,90.93,0,0,10,31,5,
KR Mayers,2023-2023,13,13,0,379,73,29.15,263,144.1,0,4,2,38,22,
DB Ravi Teja,2008-2013,32,25,6,375,60,19.73,317,118.29,0,1,1,35,9,
S Sohal,2008-2011,22,20,0,368,62,18.4,292,126.02,0,2,3,34,18,
P Negi,2012-2019,50,35,9,365,36,14.03,289,126.29,0,0,3,27,16,
Rahmanullah Gurbaz,2023-2025,19,18,1,363,81,21.35,269,134.94,0,2,2,34,22,
B Kumar,2011-2026,206,78,40,354,27,9.31,377,93.89,0,0,6,34,4,
KV Sharma,2009-2025,90,41,15,352,39*,13.53,295,119.32,0,0,1,20,17,
DJ Mitchell,2022-2024,15,15,2,351,63,27,267,131.46,0,2,0,28,10,
FH Allen,2026-2026,11,11,1,349,100*,34.9,163,214.11,1,1,0,33,28,
SN Thakur,2015-2026,114,45,15,349,68,11.63,263,132.69,0,1,8,32,13,
R Bhatia,2008-2017,95,49,19,342,26*,11.4,284,120.42,0,0,3,24,13,
P Kumar,2008-2017,119,59,21,340,34,8.94,314,108.28,0,0,9,22,17,
AP Tare,2010-2017,35,28,4,339,59,14.12,273,124.17,0,1,5,40,11,
JEC Franklin,2011-2012,20,16,5,327,79,29.72,301,108.63,0,1,0,25,8,
JC Archer,2018-2026,68,42,17,326,32,13.04,225,144.88,0,0,5,18,22,
D Ferreira,2024-2026,18,16,4,326,69,27.16,191,170.68,0,2,1,25,23,
RN ten Doeschate,2011-2015,29,22,8,326,70*,23.28,235,138.72,0,1,3,26,15,
JO Holder,2013-2026,57,34,8,324,47*,12.46,263,123.19,0,0,3,16,21,
Anuj Rawat,2021-2024,24,21,5,318,66,19.87,267,119.1,0,1,4,26,14,
AU Verma,2025-2026,24,20,5,315,74,21,196,160.71,0,1,0,18,25,
R Vinay Kumar,2008-2018,105,46,18,310,26*,11.07,274,113.13,0,0,4,21,9,
Lalit Yadav,2021-2024,27,21,5,305,48*,19.06,290,105.17,0,0,1,27,7,
DB Das,2008-2013,31,22,8,304,35*,21.71,261,116.47,0,0,1,23,16,
C de Grandhomme,2017-2019,25,21,5,303,40,18.93,225,134.66,0,0,3,18,18,
LA Pomersbach,2008-2013,17,16,5,302,79*,27.45,246,122.76,0,1,0,25,13,
UBT Chand,2011-2016,21,20,0,300,58,15,300,100,0,1,4,32,9,
Ramandeep Singh,2022-2026,39,26,10,299,35,18.68,205,145.85,0,0,1,17,19,
Kartik Sharma,2026-2026,11,11,2,295,71,32.77,216,136.57,0,2,0,24,16,
DJG Sammy,2013-2015,22,20,5,295,60,19.66,241,122.4,0,1,2,15,18,
SP Goswami,2008-2020,31,21,1,293,52,14.65,295,99.32,0,1,4,32,3,
A Manohar,2022-2025,27,20,1,292,43,15.36,235,124.25,0,0,2,23,14,
Y Nagar,2009-2012,26,20,6,285,44*,20.35,259,110.03,0,0,2,20,9,
GH Vihari,2013-2019,24,23,3,284,46,14.2,321,88.47,0,0,0,23,1,
VVS Laxman,2008-2011,20,20,2,282,52,15.66,267,105.61,0,1,4,33,5,
A Ashish Reddy,2012-2016,31,23,8,280,36*,18.66,193,145.07,0,0,0,17,14,
B Chipli,2008-2013,23,21,6,280,61*,18.66,251,111.55,0,1,0,28,7,
HV Patel,2012-2026,124,49,17,280,36*,8.75,238,117.64,0,0,10,18,15,
MJ Lumb,2010-2011,12,12,0,278,83,23.16,194,143.29,0,1,3,45,6,
P Nissanka,2026-2026,10,10,0,278,62,27.8,175,158.85,0,2,0,33,12,
PBB Rajapaksa,2022-2023,13,13,1,277,50,23.08,191,145.02,0,1,1,22,15,
PK Garg,2020-2023,23,19,1,273,51*,15.16,241,113.27,0,1,2,16,9,
MJ Guptill,2016-2019,13,13,1,270,50*,22.5,196,137.75,0,1,1,24,15,
R Sathish,2010-2016,34,25,8,270,27*,15.88,231,116.88,0,0,2,22,6,
R Shepherd,2022-2026,33,19,8,268,53*,24.36,153,175.16,0,1,2,18,22,
K Rabada,2017-2026,101,37,17,262,44,13.1,239,109.62,0,0,4,21,11,
A Taide,2023-2025,10,10,0,260,66,26,177,146.89,0,2,1,30,8,
M Kaif,2008-2012,29,22,4,259,34*,14.38,250,103.6,0,0,0,22,6,
Harpreet Brar,2019-2026,51,27,15,249,29,20.75,206,120.87,0,0,1,20,10,
K Gowtham,2018-2024,36,27,9,247,33*,13.72,148,166.89,0,0,2,15,17,
SM Katich,2008-2009,11,11,1,241,75,24.1,186,129.56,0,2,1,25,8,
BCJ Cutting,2014-2019,21,17,6,238,39*,21.63,141,168.79,0,0,1,15,19,
MD Mishra,2010-2012,18,17,1,237,41,14.81,208,113.94,0,0,1,24,8,
SB Dubey,2024-2026,20,17,7,220,34*,22,143,153.84,0,0,1,17,13,
K Goel,2008-2010,22,17,2,218,38,14.53,231,94.37,0,0,2,17,9,
AA Jhunjhunwala,2010-2012,21,16,3,217,53*,16.69,210,103.33,0,1,1,19,5,
Mohammad Nabi,2017-2024,24,19,3,215,31,13.43,150,143.33,0,0,1,18,11,
R Dhawan,2013-2024,39,24,13,210,25*,19.09,187,112.29,0,0,1,18,7,
Kuldeep Yadav,2016-2026,110,42,24,210,35*,11.66,253,83,0,0,5,18,3,
UT Yadav,2010-2024,148,52,31,208,24*,9.9,201,103.48,0,0,8,16,9,
CA Ingram,2011-2019,15,15,3,205,47,17.08,180,113.88,0,0,0,22,5,
PD Collingwood,2010-2010,8,7,2,203,75*,40.6,156,130.12,0,3,0,9,13,
JD Unadkat,2010-2026,116,33,17,201,26,12.56,169,118.93,0,0,2,16,7,
KS Bharat,2021-2022,10,9,2,199,78*,28.42,163,122.08,0,1,1,12,8,
SK Warne,2008-2011,55,29,9,198,34*,9.9,214,92.52,0,0,7,14,6,
UM Patel,2025-2026,10,10,0,197,65,19.7,96,205.2,0,1,2,11,20,
SP Fleming,2008-2008,10,10,1,196,45,21.77,165,118.78,0,0,1,27,3,
AS Raut,2009-2011,22,16,7,194,36*,21.55,167,116.16,0,0,1,13,7,
BJ Rohrer,2013-2013,8,8,2,193,64*,32.16,140,137.85,0,1,0,21,5,
Salman Butt,2008-2008,7,7,0,193,73,27.57,161,119.87,0,1,0,30,2,
M Jansen,2021-2026,48,26,11,192,34*,12.8,174,110.34,0,0,3,9,9,
YV Takawale,2008-2014,16,10,2,192,45,24,178,107.86,0,0,2,26,3,
HC Brook,2023-2023,11,11,2,190,100*,21.11,154,123.37,1,0,3,23,4,
Bipul Sharma,2010-2017,33,17,9,187,35*,23.37,123,152.03,0,0,0,11,9,
FY Fazal,2010-2011,12,11,1,183,45,18.3,173,105.78,0,0,1,22,1,
SD Hope,2024-2024,9,9,1,183,41,22.87,122,150,0,0,0,12,12,
MS Wade,2011-2024,15,14,0,183,35,13.07,177,103.38,0,0,0,23,2,
Sikandar Raza,2023-2024,9,9,2,182,57,26,136,133.82,0,1,0,12,8,
CR Brathwaite,2016-2019,16,14,1,181,43*,13.92,111,163.06,0,0,0,10,16,
AC Voges,2010-2010,9,7,3,181,45*,45.25,143,126.57,0,0,0,15,3,
S Gopal,2014-2024,52,22,8,180,24,12.85,169,106.5,0,0,4,19,2,
AB Agarkar,2008-2013,42,22,12,179,39,17.9,154,116.23,0,0,1,13,5,
MF Maharoof,2008-2010,20,14,4,177,39,17.7,123,143.9,0,0,2,12,9,
C Munro,2016-2019,13,12,0,177,40,14.75,141,125.53,0,0,2,19,8,
MW Short,2023-2026,9,9,0,177,36,19.66,143,123.77,0,0,0,21,5,
MD Choudhary,2026-2026,10,10,4,170,54*,28.33,120,141.66,0,1,0,11,12,
DH Yagnik,2011-2014,25,17,7,170,34,17,137,124.08,0,0,1,23,2,
CM Gautam,2013-2015,13,13,3,169,33,16.9,150,112.66,0,0,0,17,6,
MG Johnson,2013-2018,54,30,17,167,16*,12.84,164,101.82,0,0,2,10,7,
DW Steyn,2008-2020,95,37,15,167,19*,7.59,160,104.37,0,0,5,14,3,
MN van Wyk,2009-2009,5,5,2,167,74,55.66,132,126.51,0,1,1,19,1,
Suryansh Shedge,2025-2026,12,10,3,165,57,23.57,101,163.36,0,1,0,9,12,
PA Reddy,2012-2013,12,11,1,164,42,16.4,160,102.5,0,0,0,15,2,
JG Bethell,2025-2026,9,9,0,163,55,18.11,116,140.51,0,1,0,21,6,
N Jagadeesan,2020-2023,13,10,1,162,39*,18,147,110.2,0,0,2,21,2,
MN Samuels,2012-2017,15,14,1,161,46,12.38,172,93.6,0,0,1,9,7,
R McLaren,2010-2013,18,13,5,159,51*,19.87,171,92.98,0,1,1,14,1,
RE van der Merwe,2009-2013,21,15,4,159,35,14.45,141,112.76,0,0,0,11,8,
V Nigam,2025-2026,19,10,2,157,39,19.62,89,176.4,0,0,1,17,8,
S Arora,2026-2026,14,11,4,156,35,22.28,98,159.18,0,0,1,11,11,
Azmatullah Omarzai,2024-2026,19,11,1,151,38,15.1,101,149.5,0,0,0,11,10,
J Overton,2025-2026,13,8,4,151,43*,37.75,93,162.36,0,0,0,14,7,
AD Hales,2018-2018,6,6,0,148,45,24.66,118,125.42,0,0,0,13,6,
D Wiese,2015-2023,18,11,6,148,47*,29.6,101,146.53,0,0,0,12,7,
Arshad Khan,2023-2026,27,14,7,147,58*,21,99,148.48,0,1,1,7,11,
SM Pollock,2008-2008,13,8,0,147,33,18.37,111,132.43,0,0,2,12,8,
S Vidyut,2008-2008,9,8,0,145,54,18.12,109,133.02,0,1,1,21,3,
Sachin Baby,2013-2025,20,11,2,144,33,16,118,122.03,0,0,1,11,5,
DL Chahar,2016-2026,103,21,11,142,39,14.2,103,137.86,0,0,4,8,9,
N Saini,2012-2012,10,10,0,140,50,14,141,99.29,0,1,0,16,0,
Anmolpreet Singh,2021-2024,9,9,0,139,36,15.44,115,120.86,0,0,1,19,3,
S Anirudha,2008-2014,20,13,5,136,64,17,113,120.35,0,1,2,9,7,
MJ Santner,2019-2026,35,21,13,136,22,17,123,110.56,0,0,1,9,6,
GD Phillips,2021-2026,14,13,2,132,25,12,109,121.1,0,0,1,7,8,
SB Styris,2008-2011,12,10,3,131,36*,18.71,133,98.49,0,0,0,10,3,
W Jaffer,2008-2009,8,8,0,130,50,16.25,121,107.43,0,1,1,14,3,
RD Chahar,2017-2026,80,24,8,129,25*,8.06,124,104.03,0,0,8,13,5,
Kamran Akmal,2008-2008,6,6,1,128,53*,25.6,78,164.1,0,1,0,13,8,
TK Curran,2018-2021,13,10,5,127,54*,25.4,107,118.69,0,1,0,10,3,
P Dogra,2010-2013,13,12,1,127,41,11.54,138,92.02,0,0,1,4,5,
UT Khawaja,2016-2016,6,6,0,127,30,21.16,100,127,0,0,0,14,3,
M Morkel,2009-2016,70,23,12,126,23*,11.45,90,140,0,0,5,11,4,
SS Prabhudessai,2022-2024,11,10,0,126,34,12.6,106,118.86,0,0,1,11,4,
MC Juneja,2013-2013,7,7,0,125,49,17.85,128,97.65,0,0,0,11,1,
BB Samantray,2012-2013,9,8,3,125,55,25,113,110.61,0,1,1,13,2,
MM Sharma,2013-2025,120,33,15,125,21*,6.94,136,91.91,0,0,5,8,4,
B Lee,2008-2013,38,19,9,124,25,12.4,97,127.83,0,0,1,8,8,
Harpreet Singh,2010-2024,9,8,1,123,41,17.57,119,103.36,0,0,0,10,3,
AB McDonald,2009-2013,11,9,4,123,33*,24.6,100,123,0,0,1,9,4,
NK Patel,2008-2009,9,6,2,121,57,30.25,119,101.68,0,1,0,14,1,
DL Vettori,2008-2012,34,17,9,121,29,15.12,113,107.07,0,0,1,11,2,
AC Blizzard,2011-2012,7,7,0,120,51,17.14,90,133.33,0,1,1,21,2,
TG Southee,2011-2023,54,20,7,120,36*,9.23,107,112.14,0,0,3,8,4,
RJ Harris,2009-2013,37,21,9,117,17,9.75,112,104.46,0,0,2,6,3,
Z Khan,2008-2017,100,32,18,117,23*,8.35,141,82.97,0,0,5,11,2,
Misbah-ul-Haq,2008-2008,8,8,1,117,47*,16.71,81,144.44,0,0,2,10,6,
Mohammed Siraj,2017-2026,125,28,16,117,14*,9.75,139,84.17,0,0,3,11,4,
KK Cooper,2012-2014,25,14,5,116,32,12.88,68,170.58,0,0,1,9,8,
Aman Hakim Khan,2022-2023,12,10,1,115,51,12.77,104,110.57,0,1,1,8,6,
Mohammed Shami,2013-2026,132,36,17,115,21,6.05,111,103.6,0,0,6,9,5,
DJM Short,2018-2018,7,7,0,115,44,16.42,99,116.16,0,0,0,11,5,
M Kartik,2008-2014,56,16,9,113,21,16.14,108,104.62,0,0,1,7,1,
DJ Harris,2012-2012,4,4,0,111,47,27.75,101,109.9,0,0,0,11,5,
MA Starc,2014-2026,58,25,13,111,29,9.25,121,91.73,0,0,4,11,0,
JDP Oram,2008-2013,18,12,4,106,41*,13.25,108,98.14,0,0,1,6,5,
LJ Wright,2012-2013,7,6,1,106,44,21.2,60,176.66,0,0,0,16,3,
DS Kulkarni,2008-2021,92,23,14,104,28*,11.55,108,96.29,0,0,0,7,2,
RJ Quiney,2009-2009,7,7,0,103,51,14.71,102,100.98,0,1,0,12,3,
SD Chitnis,2008-2012,11,8,1,99,38,14.14,89,111.23,0,0,0,10,2,
MS Gony,2008-2017,44,17,7,99,42,9.9,71,139.43,0,0,3,6,8,
MJ Clarke,2012-2012,6,6,0,98,41,16.33,94,104.25,0,0,0,12,0,
CJ Ferguson,2011-2012,9,8,2,98,23,16.33,117,83.76,0,0,0,9,0,
C Bosch,2025-2026,9,6,3,97,32*,32.33,63,153.96,0,0,0,8,5,
PN Mankad,2022-2023,6,6,3,97,64*,32.33,73,132.87,0,1,1,13,2,
TA Boult,2015-2026,125,31,21,93,17*,9.3,85,109.41,0,0,3,5,4,
Himmat Singh,2025-2026,9,5,2,92,40*,30.66,69,133.33,0,0,0,5,5,
DJ Jacobs,2011-2012,7,7,0,92,32,13.14,98,93.87,0,0,1,10,4,
PHKD Mendis,2025-2025,5,5,2,92,32*,30.66,69,133.33,0,0,1,7,2,
JDS Neesham,2014-2022,14,10,1,92,22,10.22,93,98.92,0,0,2,6,2,
PR Shah,2008-2011,16,10,2,92,29,11.5,91,101.09,0,0,1,9,2,
RT Ponting,2008-2013,10,9,0,91,28,10.11,128,71.09,0,0,3,5,2,
S Rana,2011-2014,11,8,4,91,19*,22.75,81,112.34,0,0,0,9,1,
AJ Tye,2017-2022,30,13,4,91,25,10.11,76,119.73,0,0,2,6,5,
AD Nath,2016-2019,14,10,0,90,24,9,98,91.83,0,0,1,7,2,
PR Veer,2026-2026,6,5,3,90,43,45,67,134.32,0,0,0,10,3,
MD Shanaka,2023-2026,10,8,1,89,29,12.71,72,123.61,0,0,1,5,5,
Iqbal Abdulla,2008-2017,49,13,11,88,33*,44,84,104.76,0,0,1,9,1,
SL Malinga,2009-2019,122,25,9,88,17,5.5,99,88.88,0,0,6,6,5,
Ankit Sharma,2012-2018,22,10,3,87,30,12.42,67,129.85,0,0,1,7,4,
AP Majumdar,2012-2012,4,4,0,87,31,21.75,76,114.47,0,0,0,7,2,
MJ McClenaghan,2015-2019,56,24,11,85,20,6.53,70,121.42,0,0,6,5,7,
RE Levi,2012-2012,6,6,0,83,50,13.83,73,113.69,0,1,2,10,4,
NM Coulter-Nile,2013-2022,39,17,6,82,24*,7.45,72,113.88,0,0,0,7,4,
LA Carseldine,2009-2009,5,5,1,81,39,20.25,68,119.11,0,0,0,11,0,
PW Hasaranga,2021-2025,37,19,4,81,18,5.4,88,92.04,0,0,5,7,1,
CJ Jordan,2016-2023,34,13,3,81,30,8.1,77,105.19,0,0,1,3,3,
Shahid Afridi,2008-2008,10,9,1,81,33,10.12,46,176.08,0,0,1,7,6,
WPUJC Vaas,2008-2010,13,11,3,81,20,10.12,73,110.95,0,0,3,2,3,
RV Patel,2021-2023,9,7,2,80,23,16,73,109.58,0,0,0,6,2,
AD Mascarenhas,2008-2013,13,11,2,79,27,8.77,78,101.28,0,0,2,5,1,
JR Philippe,2020-2020,5,5,1,78,33,19.5,77,101.29,0,0,1,9,1,
AS Roy,2019-2026,26,14,6,78,29*,9.75,64,121.87,0,0,5,6,2,
CR Woakes,2017-2021,21,12,6,78,18,13,77,101.29,0,0,0,7,2,
KA Jamieson,2021-2026,15,10,5,77,16*,15.4,73,105.47,0,0,0,6,4,
B Akhil,2008-2011,15,11,5,76,27*,12.66,55,138.18,0,0,2,5,5,
IR Jaggi,2011-2017,7,7,2,76,28,15.2,97,78.35,0,0,0,6,0,
TR Birt,2011-2011,5,5,0,75,27,15,58,129.31,0,0,0,9,2,
JJ Bumrah,2013-2026,158,33,25,75,16*,9.37,86,87.2,0,0,5,6,1,
A Kamboj,2024-2026,25,10,6,74,19*,18.5,52,142.3,0,0,1,5,4,
M Klinger,2011-2011,4,4,0,73,29,18.25,77,94.8,0,0,0,9,0,
RR Sarwan,2008-2008,4,4,0,73,31,18.25,75,97.33,0,0,0,6,1,
LH Ferguson,2017-2026,52,11,8,72,24*,24,47,153.19,0,0,1,7,2,
SK Rasheed,2025-2025,5,5,0,71,27,14.2,63,112.69,0,0,1,9,2,
Vishnu Vinod,2017-2026,7,7,1,71,30,11.83,65,109.23,0,0,0,4,4,
J Suchith,2015-2022,22,10,6,70,34*,17.5,61,114.75,0,0,1,6,3,
AA Bilakhia,2009-2010,7,7,2,69,22,13.8,85,81.17,0,0,0,5,0,
Vivrant Sharma,2023-2023,3,1,0,69,69,69,47,146.8,0,1,0,9,2,
Avesh Khan,2017-2026,83,18,14,68,19*,17,43,158.13,0,0,1,7,4,
RR Powar,2008-2012,27,10,7,67,28*,22.33,64,104.68,0,0,1,6,1,
R Sharma,2010-2014,44,20,6,66,14*,4.71,75,88,0,0,8,5,3,
HR Shokeen,2022-2023,13,6,3,66,25,22,65,101.53,0,0,0,9,0,
WD Parnell,2011-2023,33,14,4,65,16,6.5,80,81.25,0,0,0,4,1,
Mohammad Hafeez,2008-2008,8,8,1,64,16,9.14,83,77.1,0,0,0,7,2,
Anirudh Singh,2010-2010,5,4,0,63,40,15.75,66,95.45,0,0,1,6,1,
N Sindhu,2026-2026,8,5,0,63,22,12.6,50,126,0,0,0,7,2,
A Flintoff,2009-2009,3,3,1,62,24,31,53,116.98,0,0,0,5,2,
SP Jackson,2017-2022,9,8,2,61,16,10.16,57,107.01,0,0,1,5,1,
Sandeep Sharma,2013-2026,143,28,22,60,9,10,75,80,0,0,4,4,0,
S Aravind,2011-2017,38,12,8,59,14*,14.75,57,103.5,0,0,2,7,0,
Harshit Rana,2022-2025,34,10,4,59,34,9.83,56,105.35,0,0,1,5,3,
MG Bracewell,2023-2023,5,4,2,58,26,29,47,123.4,0,0,0,6,1,
I Sharma,2008-2025,117,28,22,57,10*,9.5,69,82.6,0,0,1,4,2,
WA Mota,2008-2009,12,8,2,56,25,9.33,75,74.66,0,0,0,2,0,
M Rawat,2008-2013,18,12,7,55,23*,11,69,79.71,0,0,1,4,1,
TU Deshpande,2020-2026,53,10,6,54,25,13.5,36,150,0,0,0,2,4,
PVD Chameera,2022-2026,20,12,8,53,17,13.25,45,117.77,0,0,2,3,3,
A Chopra,2008-2009,7,6,0,53,24,8.83,71,74.64,0,0,0,7,0,
Shivang Kumar,2026-2026,13,6,0,53,27,8.83,46,115.21,0,0,0,6,1,
DJ Willey,2018-2023,11,5,3,53,20*,26.5,62,85.48,0,0,1,7,0,
Shoaib Malik,2008-2008,7,5,1,52,24,13,47,110.63,0,0,0,5,0,
RP Singh,2008-2016,82,30,15,52,10,3.46,76,68.42,0,0,5,2,1,
KB Arun Karthik,2010-2013,17,8,3,51,19*,10.2,51,100,0,0,1,4,1,
R Rampaul,2013-2014,12,7,2,51,23*,10.2,50,102,0,0,3,3,2,
Shivam Mavi,2018-2022,32,12,3,51,20,5.66,56,91.07,0,0,3,4,2,
OF Smith,2022-2022,6,6,3,51,25*,17,44,115.9,0,0,1,1,5,
Swapnil Singh,2016-2024,14,9,4,51,15*,10.2,45,113.33,0,0,2,3,3,
VR Aaron,2011-2022,52,13,8,50,17*,10,72,69.44,0,0,1,2,2,
RV Gomez,2011-2013,13,9,4,50,26*,10,51,98.03,0,0,3,5,1,
SB Bangar,2008-2009,12,8,1,49,17*,7,58,84.48,0,0,1,1,3,
A Nortje,2020-2026,49,18,11,49,23*,7,50,98,0,0,3,6,0,
AG Paunikar,2010-2011,5,5,0,49,20,9.8,58,84.48,0,0,1,9,0,
AS Yadav,2008-2008,8,6,1,49,16,9.8,39,125.64,0,0,1,5,2,
T Kohler-Cadmore,2024-2024,4,3,0,48,20,16,54,88.88,0,0,0,7,1,
M Markande,2018-2026,40,11,8,48,18*,16,42,114.28,0,0,0,5,1,
Yashpal Singh,2009-2009,8,4,0,47,20,11.75,66,71.21,0,0,0,5,0,
SU Parakh,2026-2026,4,4,0,46,24,11.5,33,139.39,0,0,1,5,2,
Ravi Bishnoi,2020-2026,86,20,8,45,13,3.75,69,65.21,0,0,4,2,2,
TL Seifert,2021-2026,6,6,0,45,21,7.5,41,109.75,0,0,2,6,1,
D Pretorius,2022-2023,7,5,1,44,22,11,28,157.14,0,0,1,3,3,
DR Sams,2020-2022,16,13,4,44,15,4.88,44,100,0,0,3,1,3,
Rasikh Salam,2019-2026,25,8,3,43,10,8.6,42,102.38,0,0,0,5,0,
Sunny Singh,2011-2011,6,5,1,43,20,10.75,31,138.7,0,0,0,6,1,
AB Barath,2010-2010,3,3,1,42,33,21,42,100,0,0,0,5,1,
SK Trivedi,2008-2013,76,15,8,42,9,6,59,71.18,0,0,1,3,1,
A Nehra,2008-2017,88,22,15,41,22*,5.85,62,66.12,0,0,5,3,1,
XC Bartlett,2025-2026,13,4,2,40,18*,20,28,142.85,0,0,1,3,2,
BR Dunk,2014-2014,3,3,0,40,20,13.33,35,114.28,0,0,0,7,0,
LPC Silva,2008-2008,3,3,1,40,23*,20,26,153.84,0,0,1,5,1,
J Yadav,2015-2023,20,5,1,40,23,10,36,111.11,0,0,0,2,1,
S Nadeem,2011-2021,72,22,8,39,6*,2.78,87,44.82,0,0,6,2,0,
MM Patel,2008-2017,63,15,9,39,23*,6.5,41,95.12,0,0,5,5,0,
AUK Pathan,2011-2012,8,7,2,39,14,7.8,23,169.56,0,0,2,5,2,
DJ Thornely,2008-2008,6,4,2,39,30,19.5,53,73.58,0,0,0,2,2,
Umar Gul,2008-2008,6,4,1,39,24,13,19,205.26,0,0,0,1,5,
YS Chahal,2013-2026,188,20,13,37,8*,5.28,86,43.02,0,0,1,0,0,
S Narwal,2010-2013,7,4,1,37,23,12.33,27,137.03,0,0,1,6,0,
AN Ahmed,2010-2015,17,6,5,36,18*,36,26,138.46,0,0,0,4,1,
Anureet Singh,2009-2018,23,8,4,36,15,9,47,76.59,0,0,2,2,1,
L Balaji,2008-2014,73,15,7,36,15,4.5,49,73.46,0,0,5,2,1,
Joginder Sharma,2008-2011,16,6,2,36,16*,9,30,120,0,0,2,1,2,
KW Richardson,2013-2021,15,4,1,36,26,12,39,92.3,0,0,0,2,1,
Sohail Tanvir,2008-2008,11,5,2,36,13,12,29,124.13,0,0,0,3,1,
M Ashwin,2016-2023,44,13,4,35,9,3.88,50,70,0,0,2,2,1,
RA Bawa,2022-2026,8,4,1,35,16,11.66,32,109.37,0,0,1,2,0,
A Kumble,2008-2010,42,17,14,35,8,11.66,47,74.46,0,0,0,3,0,
B Sumanth,2010-2010,5,4,3,35,16,35,37,94.59,0,0,0,3,0,
AP Dole,2010-2010,3,2,0,34,30,17,22,154.54,0,0,0,3,1,
A Mithun,2009-2013,16,8,3,34,11,6.8,26,130.76,0,0,1,4,1,
L Ronchi,2008-2009,5,5,0,34,13,6.8,34,100,0,0,1,6,1,
S Sreesanth,2008-2013,44,14,10,34,15*,8.5,55,61.81,0,0,3,6,0,
Imran Tahir,2014-2021,59,9,5,33,13*,8.25,37,89.18,0,0,0,5,0,
NA Saini,2019-2026,34,7,3,33,12*,8.25,37,89.18,0,0,0,3,0,
D Salunkhe,2008-2008,6,3,1,33,26*,16.5,24,137.5,0,0,0,5,0,
Arshdeep Singh,2019-2026,96,15,9,32,10*,5.33,47,68.08,0,0,3,4,0,
Basil Thampi,2017-2022,25,8,7,32,13*,32,35,91.42,0,0,0,1,1,
AT Carey,2020-2020,3,3,1,32,14*,16,29,110.34,0,0,0,0,1,
RJ Peterson,2012-2012,5,5,2,32,16*,10.66,30,106.66,0,0,1,3,1,
G Coetzee,2024-2025,14,7,1,31,12,5.16,33,93.93,0,0,1,2,2,
GF Linde,2026-2026,3,3,0,31,16,10.33,21,147.61,0,0,0,6,0,
NS Naik,2016-2020,4,4,0,31,22,7.75,50,62,0,0,0,2,0,
Noor Ahmad,2023-2026,51,17,6,31,8,2.81,58,53.44,0,0,2,2,1,
S Sriram,2010-2011,2,2,0,31,27,15.5,36,86.11,0,0,0,3,0,
T Taibu,2008-2008,3,3,0,31,15,10.33,26,119.23,0,0,0,3,0,
CV Varun,2019-2026,95,15,9,31,10*,5.16,53,58.49,0,0,2,3,0,
Akshat Raghuwanshi,2026-2026,3,2,0,29,18,14.5,25,116,0,0,0,1,1,
J Syed Mohammad,2011-2013,11,5,3,29,13*,14.5,26,111.53,0,0,0,4,0,
VH Zol,2014-2014,3,2,0,29,16,14.5,26,111.53,0,0,0,3,1,
SB Jakati,2009-2017,59,8,7,28,13,28,29,96.55,0,0,0,3,0,
AS Joseph,2019-2024,22,7,6,27,15*,27,32,84.37,0,0,1,3,0,
AB Dinda,2008-2017,78,17,7,26,7,2.6,48,54.16,0,0,6,2,0,
JM Kemp,2010-2010,5,2,0,26,22,13,24,108.33,0,0,0,1,1,
AA Kulkarni,2024-2026,4,4,0,26,17,6.5,33,78.78,0,0,2,3,0,
NL McCullum,2011-2011,2,2,1,26,15,26,22,118.18,0,0,0,0,1,
DJ Malan,2021-2021,1,1,0,26,26,26,26,100,0,0,0,1,1,
AS Rajpoot,2013-2020,29,7,2,26,8,5.2,41,63.41,0,0,0,2,1,
PJ Sangwan,2008-2022,42,15,7,26,6*,3.25,44,59.09,0,0,4,1,0,
Akash Deep,2022-2025,14,5,2,25,17,8.33,14,178.57,0,0,2,2,2,
S Chanderpaul,2008-2008,3,3,0,25,16,8.33,31,80.64,0,0,0,4,0,
A Choudhary,2017-2017,5,3,2,25,15*,25,20,125,0,0,0,1,1,
AF Milne,2016-2026,11,7,3,25,15,6.25,31,80.64,0,0,1,0,1,
Mohsin Khan,2022-2026,31,7,2,25,13*,5,28,89.28,0,0,3,2,1,
Sanvir Singh,2023-2024,6,5,3,25,8*,12.5,21,119.04,0,0,1,2,1,
KC Cariappa,2015-2019,11,5,2,24,12*,8,21,114.28,0,0,0,0,2,
ER Dwivedi,2016-2016,4,2,0,24,19,12,14,171.42,0,0,0,2,2,
Kartik Tyagi,2020-2026,34,10,3,24,7,3.42,26,92.3,0,0,2,2,1,
MA Khote,2008-2008,4,3,1,24,9,12,22,109.09,0,0,0,2,1,
TK Kotian,2024-2024,1,1,0,24,24,24,31,77.41,0,0,0,3,0,
AJ Turner,2019-2024,6,6,1,24,16,4.8,28,85.71,0,0,3,0,2,
J Arunkumar,2008-2008,3,3,0,23,22,7.66,23,100,0,0,1,5,0,
P Dubey,2020-2025,5,2,1,23,16,23,33,69.69,0,0,0,2,0,
BMAJ Mendis,2013-2013,3,3,0,23,12,7.66,27,85.18,0,0,1,0,0,
SW Tait,2010-2013,21,5,2,23,11,7.66,26,88.46,0,0,1,1,1,
Umran Malik,2021-2024,26,6,4,23,19*,11.5,16,143.75,0,0,2,1,2,
SA Abbott,2015-2022,3,3,0,22,14,7.33,18,122.22,0,0,0,1,2,
GB Hogg,2012-2016,21,6,3,22,13,7.33,22,100,0,0,0,1,0,
KL Nagarkoti,2020-2022,12,7,3,22,8*,5.5,33,66.66,0,0,2,1,0,
AU Rashid,2021-2023,3,2,0,22,18,11,16,137.5,0,0,0,2,1,
Sediqullah Atal,2025-2025,1,1,0,22,22,22,16,137.5,0,0,0,0,2,
HE van der Dussen,2022-2022,3,3,1,22,12*,11,24,91.66,0,0,0,2,0,
Yudhvir Singh,2023-2025,9,4,0,22,14,5.5,16,137.5,0,0,1,1,2,
DE Bollinger,2010-2012,27,4,3,21,16*,21,23,91.3,0,0,0,1,1,
AJ Hosein,2023-2026,8,4,4,21,16*,-,13,161.53,0,0,0,1,1,
B Indrajith,2022-2022,3,3,0,21,15,7,30,70,0,0,1,2,0,
K Kushagra,2024-2026,5,4,0,21,18,5.25,21,100,0,0,1,3,0,
M Tiwari,2025-2026,4,2,1,21,18*,21,12,175,0,0,0,2,1,
S Kaul,2013-2022,55,12,8,20,7*,5,36,55.55,0,0,2,1,0,
NJ Maddinson,2014-2015,3,3,0,20,12,6.66,21,95.23,0,0,0,4,0,
BKG Mendis,2025-2025,1,1,0,20,20,20,10,200,0,0,0,1,2,
M Muralidaran,2008-2014,66,9,3,20,6,3.33,30,66.66,0,0,2,1,0,
RR Raje,2008-2009,10,5,4,20,11*,20,18,111.11,0,0,0,1,1,
C Sakariya,2021-2025,20,8,2,20,7,3.33,31,64.51,0,0,1,3,0,
AC Thomas,2011-2012,15,4,2,20,12,10,19,105.26,0,0,0,1,1,
R Bishnoi,2009-2009,3,3,0,19,18,6.33,17,111.76,0,0,1,1,2,
NT Ellis,2021-2025,17,5,1,19,12,4.75,25,76,0,0,2,0,1,
Y Gnaneswara Rao,2011-2011,2,1,0,19,19,19,17,111.76,0,0,0,3,0,
Gulbadin Naib,2024-2024,2,1,0,19,19,19,15,126.66,0,0,0,1,1,
JR Hazlewood,2020-2026,52,8,7,19,7*,19,30,63.33,0,0,1,1,0,
DR Martyn,2010-2010,1,1,0,19,19,19,24,79.16,0,0,0,1,0,
A Mukund,2008-2013,3,2,0,19,19,9.5,22,86.36,0,0,1,1,0,
P Ray Barman,2019-2019,1,1,0,19,19,19,24,79.16,0,0,0,2,0,
P Sahu,2016-2016,5,2,1,19,18*,19,13,146.15,0,0,0,1,1,
R Shukla,2012-2014,7,4,3,19,14,19,23,82.6,0,0,0,2,0,
R Smaran,2026-2026,6,4,1,19,9,6.33,25,76,0,0,0,3,0,
T Banton,2020-2020,2,2,0,18,10,9,20,90,0,0,0,1,1,
SD Chauhan,2024-2024,3,3,0,18,9,6,15,120,0,0,1,1,1,
BJ Haddin,2011-2011,1,1,0,18,18,18,11,163.63,0,0,0,2,1,
Harmeet Singh,2009-2013,27,6,2,18,14,4.5,12,150,0,0,2,3,0,
DS Lehmann,2008-2008,2,2,0,18,17,9,18,100,0,0,0,3,0,
Naveen-ul-Haq,2023-2024,18,6,5,18,13,18,25,72,0,0,0,2,0,
KMA Paul,2019-2019,8,6,1,18,7,3.6,24,75,0,0,2,1,1,
R Sai Kishore,2022-2026,28,5,1,18,13,4.5,16,112.5,0,0,0,0,2,
Sumit Kumar,2024-2024,4,3,1,18,9*,9,24,75,0,0,0,2,1,
PV Tambe,2013-2016,33,6,4,18,7*,9,39,46.15,0,0,0,1,0,
AS Tendulkar,2023-2026,6,2,1,18,13,18,14,128.57,0,0,0,0,1,
JJ van der Wath,2011-2011,3,3,1,18,14*,9,16,112.5,0,0,1,1,1,
Parvez Rasool,2013-2016,11,5,3,17,10,8.5,20,85,0,0,0,1,0,
JA Richardson,2021-2024,4,3,0,17,15,5.66,26,65.38,0,0,1,2,0,
M Theekshana,2022-2025,38,6,3,17,7*,5.66,34,50,0,0,1,0,1,
YV Dhull,2023-2023,4,3,0,16,13,5.33,23,69.56,0,0,0,1,0,
CK Kapugedera,2008-2008,5,3,0,16,8,5.33,23,69.56,0,0,1,0,0,
PP Ojha,2008-2015,92,23,11,16,3,1.33,45,35.55,0,0,6,0,0,
KS Sharma,2022-2023,3,3,0,16,9,5.33,25,64,0,0,0,1,0,
V Vyshak,2023-2026,26,6,4,16,13*,8,16,100,0,0,2,0,1,
SD Lad,2019-2019,1,1,0,15,15,15,13,115.38,0,0,0,1,1,
C Madan,2010-2010,1,1,0,15,15,15,19,78.94,0,0,0,3,0,
VY Mahesh,2008-2012,18,5,3,15,6*,7.5,27,55.55,0,0,0,0,0,
GR Napier,2009-2009,1,1,0,15,15,15,16,93.75,0,0,0,1,0,
JL Pattinson,2020-2020,10,2,1,15,11,15,13,115.38,0,0,0,2,0,
M Prasidh Krishna,2018-2026,78,11,8,15,6*,5,31,48.38,0,0,2,1,0,
I Udana,2020-2020,10,4,1,15,10*,5,11,136.36,0,0,1,1,1,
Virat Singh,2021-2021,3,2,0,15,11,7.5,26,57.69,0,0,0,1,0,
A Zampa,2016-2025,22,5,0,15,7,3,24,62.5,0,0,1,1,0,
FA Allen,2021-2022,5,4,2,14,8,7,19,73.68,0,0,0,1,0,
Auqib Nabi,2026-2026,5,2,1,14,10*,14,4,350,0,0,0,2,1,
F Behardien,2016-2016,3,3,1,14,9*,7,13,107.69,0,0,1,2,0,
MP Breetzke,2025-2025,1,1,0,14,14,14,12,116.66,0,0,0,1,1,
N Burger,2024-2026,19,3,2,14,10*,14,9,155.55,0,0,0,0,1,
MDKJ Perera,2013-2013,2,2,0,14,14,7,13,107.69,0,0,1,3,0,
KJ Abbott,2016-2016,5,3,2,13,12*,13,8,162.5,0,0,1,0,1,
S Badree,2013-2017,12,5,0,13,8,2.6,23,56.52,0,0,2,0,0,
HS Dubey,2025-2026,11,5,3,13,9*,6.5,9,144.44,0,0,1,2,0,
Mustafizur Rahman,2016-2025,60,10,8,13,8*,6.5,24,54.16,0,0,1,0,1,
DT Patil,2008-2008,2,2,0,13,9,6.5,13,100,0,0,0,1,0,
DR Shorey,2018-2019,2,2,0,13,8,6.5,17,76.47,0,0,0,0,1,
AR Bawne,2017-2017,1,1,1,12,12*,-,12,100,0,0,0,1,0,
DAJ Bracewell,2012-2012,1,1,1,12,12*,-,9,133.33,0,0,0,1,0,
AA Chavan,2011-2013,13,3,1,12,7*,6,11,109.09,0,0,0,2,0,
T Dahiya,2026-2026,2,2,0,12,11,6,15,80,0,0,0,2,0,
Karanveer Singh,2014-2015,9,4,3,12,5*,12,17,70.58,0,0,0,1,0,
K Kartikeya,2022-2025,16,4,0,12,6,3,17,70.58,0,0,0,1,0,
R Minz,2025-2026,4,4,1,12,5,4,19,63.15,0,0,0,1,0,
Mujeeb Ur Rahman,2018-2025,20,7,4,12,10*,4,15,80,0,0,2,2,0,
DG Nalkande,2022-2024,6,2,0,12,12,6,12,100,0,0,1,0,1,
T Thushara,2009-2010,6,4,2,12,8,6,18,66.66,0,0,0,0,0,
K Upadhyay,2012-2013,3,2,2,12,11*,-,9,133.33,0,0,0,0,1,
MA Wood,2018-2023,5,3,1,12,10*,6,8,150,0,0,0,1,1,
T Henderson,2009-2009,2,2,0,11,11,5.5,16,68.75,0,0,1,0,1,
T Kohli,2008-2009,4,4,1,11,7,3.66,19,57.89,0,0,0,0,1,
M Ntini,2008-2008,9,2,1,11,11,11,18,61.11,0,0,0,2,0,
DNT Zoysa,2008-2008,3,2,1,11,10*,11,9,122.22,0,0,0,1,0,
VG Arora,2022-2026,43,12,8,10,2*,2.5,27,37.03,0,0,3,0,0,
RK Bhui,2018-2024,4,4,0,10,7,2.5,26,38.46,0,0,2,0,0,
D du Preez,2009-2009,2,1,0,10,10,10,13,76.92,0,0,0,0,0,
Krish Bhagat,2026-2026,3,2,1,10,7,10,21,47.61,0,0,0,0,0,
Mukesh Kumar,2023-2026,42,5,4,10,6*,10,18,55.55,0,0,0,0,0,
AG Murtaza,2010-2013,12,3,2,10,5,10,14,71.42,0,0,0,1,0,
TD Paine,2011-2011,2,2,0,10,8,5,26,38.46,0,0,0,0,0,
KAJ Roach,2010-2010,2,1,0,10,10,10,9,111.11,0,0,0,1,0,
JE Root,2023-2023,3,1,0,10,10,10,15,66.66,0,0,0,1,0,
SMSM Senanayake,2013-2013,8,4,3,10,7*,10,17,58.82,0,0,0,0,0,
Simarjeet Singh,2022-2025,14,6,3,10,3*,3.33,15,66.66,0,0,2,0,0,
BB Sran,2015-2019,24,9,8,10,3*,10,14,71.42,0,0,0,0,0,
X Thalaivan Sargunam,2013-2013,1,1,0,10,10,10,17,58.82,0,0,0,0,0,
J Theron,2010-2015,10,4,2,10,7*,5,12,83.33,0,0,1,1,0,
SM Harwood,2009-2009,3,2,2,9,6*,-,14,64.28,0,0,0,0,0,
PWA Mulder,2025-2025,1,1,0,9,9,9,11,81.81,0,0,0,1,0,
AA Noffke,2008-2008,1,1,0,9,9,9,10,90,0,0,0,1,0,
L Wood,2024-2024,2,1,1,9,9*,-,3,300,0,0,0,0,1,
P Chopra,2018-2019,2,1,0,8,8,8,6,133.33,0,0,0,2,0,
Jaskaran Singh,2009-2010,8,5,4,8,4*,8,11,72.72,0,0,0,0,0,
SH Johnson,2024-2026,12,6,5,8,5*,8,12,66.66,0,0,1,1,0,
CK Langeveldt,2009-2011,7,2,0,8,8,4,9,88.88,0,0,1,0,1,
OC McCoy,2022-2023,8,1,0,8,8,8,5,160,0,0,0,0,1,
CJ McKay,2012-2012,2,1,0,8,8,8,15,53.33,0,0,0,0,0,
A Madhwal,2023-2025,17,2,2,8,4*,-,14,57.14,0,0,0,0,0,
KT Maphaka,2024-2025,4,1,1,8,8*,-,2,400,0,0,0,2,0,
TS Mills,2017-2022,10,5,1,8,6,2,14,57.14,0,0,2,0,1,
Mukesh Choudhary,2022-2026,24,3,2,8,4,8,8,100,0,0,0,1,0,
JPR Scantlebury-Searles,2018-2018,4,2,1,8,6*,8,6,133.33,0,0,0,0,1,
TM Srivastava,2008-2009,7,3,2,8,7,8,11,72.72,0,0,0,0,0,
Ankit Soni,2017-2017,7,3,1,7,7*,3.5,9,77.77,0,0,2,0,1,
UA Birla,2013-2013,2,1,0,7,7,7,14,50,0,0,0,1,0,
AN Ghosh,2009-2009,2,2,0,7,7,3.5,8,87.5,0,0,1,1,0,
MJ Henry,2017-2026,9,2,0,7,5,3.5,10,70,0,0,0,1,0,
I Malhotra,2011-2011,1,1,1,7,7*,-,4,175,0,0,0,1,0,
VS Malik,2009-2014,13,2,1,7,6,7,7,100,0,0,0,1,0,
E Malinga,2025-2026,22,3,2,7,5,7,17,41.17,0,0,0,0,0,
Pankaj Singh,2008-2012,17,5,3,7,4*,3.5,12,58.33,0,0,1,0,0,
LG Pretorius,2025-2026,3,2,0,7,7,3.5,8,87.5,0,0,1,0,0,
IS Sodhi,2018-2019,8,2,0,7,6,3.5,17,41.17,0,0,0,0,0,
V Viyaskanth,2024-2024,3,1,1,7,7*,-,5,140,0,0,0,0,0,
JP Behrendorff,2019-2023,17,2,2,6,3*,-,9,66.66,0,0,0,0,0,
BA Bhatt,2011-2013,17,2,1,6,6*,6,7,85.71,0,0,1,0,1,
DM Bravo,2017-2017,1,1,1,6,6*,-,5,120,0,0,0,1,0,
PSP Handscomb,2016-2016,2,1,0,6,6,6,12,50,0,0,0,0,0,
SB Joshi,2008-2008,4,2,0,6,3,3,14,42.85,0,0,0,0,0,
DA Payne,2026-2026,2,1,1,6,6*,-,5,120,0,0,0,0,0,
SS Shaikh,2009-2009,2,1,0,6,6,6,7,85.71,0,0,0,1,0,
P Awana,2012-2014,33,7,5,5,4*,2.5,14,35.71,0,0,2,0,0,
Fazalhaq Farooqi,2022-2025,12,3,3,5,2*,-,15,33.33,0,0,0,0,0,
KMDN Kulasekara,2011-2012,6,1,1,5,5*,-,3,166.66,0,0,0,1,0,
B Laughlin,2013-2018,9,4,2,5,4*,2.5,13,38.46,0,0,2,0,0,
Prince Yadav,2025-2026,20,3,3,5,4*,-,11,45.45,0,0,0,0,0,
Sakib Hussain,2026-2026,11,1,1,5,5*,-,7,71.42,0,0,0,1,0,
Shivam Sharma,2014-2015,5,2,1,5,4,5,3,166.66,0,0,0,1,0,
SJ Srivastava,2010-2011,14,4,3,5,3*,5,5,100,0,0,1,0,0,
B Stanlake,2017-2018,6,1,1,5,5*,-,2,250,0,0,0,1,0,
MP Yadav,2024-2026,10,1,0,5,5,5,5,100,0,0,0,1,0,
A Chandila,2012-2013,12,2,2,4,4*,-,7,57.14,0,0,0,0,0,
A Dananjaya,2018-2018,1,1,1,4,4*,-,5,80,0,0,0,0,0,
SR Dubey,2026-2026,4,1,1,4,4*,-,2,200,0,0,0,1,0,
FH Edwards,2009-2009,6,2,1,4,3*,4,5,80,0,0,0,0,0,
CRD Fernando,2008-2010,10,2,2,4,2*,-,3,133.33,0,0,0,0,0,
Litton Das,2023-2023,1,1,0,4,4,4,4,100,0,0,0,1,0,
GD McGrath,2008-2008,14,3,2,4,4*,4,5,80,0,0,1,1,0,
DP Nannes,2009-2013,29,3,2,4,3,4,13,30.76,0,0,0,0,0,
T Natarajan,2017-2026,73,5,5,4,3*,-,7,57.14,0,0,0,0,0,
L Ngidi,2018-2026,28,4,2,4,3,2,9,44.44,0,0,1,0,0,
Ravi Singh,2026-2026,1,1,0,4,4,4,2,200,0,0,0,1,0,
VRV Singh,2008-2010,19,2,0,4,4,2,3,133.33,0,0,1,1,0,
RS Sodhi,2010-2010,3,1,1,4,4*,-,2,200,0,0,0,1,0,
A Tomar,2022-2022,1,1,0,4,4,4,8,50,0,0,0,1,0,
A Uniyal,2010-2010,2,2,1,4,4*,4,7,57.14,0,0,1,0,0,
Yash Dayal,2022-2025,43,4,1,4,3,1.33,9,44.44,0,0,2,0,0,
PP Hinge,2026-2026,7,2,1,3,3,3,9,33.33,0,0,0,0,0,
D Kalyankrishna,2008-2008,3,1,0,3,3,3,8,37.5,0,0,0,0,0,
Kamran Khan,2009-2011,9,2,1,3,3,3,5,60,0,0,0,0,0,
BAW Mendis,2008-2013,10,3,1,3,2,1.5,6,50,0,0,1,0,0,
Mohammad Asif,2008-2008,8,2,0,3,3,1.5,6,50,0,0,1,0,0,
R Ninan,2011-2011,2,1,0,3,3,3,6,50,0,0,0,0,0,
DS Rathi,2025-2026,23,4,3,3,2*,3,8,37.5,0,0,0,0,0,
JE Taylor,2011-2011,5,2,1,3,2,3,3,100,0,0,0,0,0,
RJW Topley,2023-2025,6,1,1,3,3*,-,6,50,0,0,0,0,0,
S Tyagi,2009-2010,14,3,2,3,3*,3,4,75,0,0,1,0,0,
GC Viljoen,2019-2019,6,3,1,3,2*,1.5,7,42.85,0,0,1,0,0,
Younis Khan,2008-2008,1,1,0,3,3,3,7,42.85,0,0,0,0,0,
KK Ahmed,2018-2026,76,7,2,2,1*,0.4,9,22.22,0,0,4,0,0,
KP Appanna,2009-2012,14,3,2,2,1*,2,4,50,0,0,0,0,0,
Brijesh Sharma,2026-2026,13,2,2,2,1*,-,4,50,0,0,0,0,0,
H Das,2008-2008,1,1,0,2,2,2,5,40,0,0,0,0,0,
GHS Garton,2021-2021,5,3,2,2,2*,2,4,50,0,0,1,0,0,
RS Gavaskar,2010-2010,2,1,0,2,2,2,8,25,0,0,0,0,0,
AM Ghazanfar,2026-2026,11,1,1,2,2*,-,3,66.66,0,0,0,0,0,
RJ Gleeson,2024-2025,3,1,1,2,2*,-,2,100,0,0,0,0,0,
S Randiv,2011-2011,8,1,0,2,2,2,4,50,0,0,0,0,0,
DV Malewar,2026-2026,2,2,0,2,2,1,5,40,0,0,1,0,0,
Mashrafe Mortaza,2009-2009,1,1,1,2,2*,-,2,100,0,0,0,0,0,
Mohammad Ashraful,2009-2009,1,1,0,2,2,2,10,20,0,0,0,0,0,
RG More,2015-2015,2,1,1,2,2*,-,2,100,0,0,0,0,0,
T Shamsi,2016-2021,5,1,1,2,2*,-,4,50,0,0,0,0,0,
BR Sharath,2024-2024,1,1,0,2,2,2,5,40,0,0,0,0,0,
Shivam Singh,2024-2024,1,1,1,2,2*,-,3,66.66,0,0,0,0,0,
Shoaib Akhtar,2008-2008,3,1,0,2,2,2,7,28.57,0,0,0,0,0,
A Singh,2009-2012,23,5,1,2,1*,0.5,10,20,0,0,3,0,0,
SB Wagh,2010-2011,8,2,0,2,2,1,3,66.66,0,0,1,0,0,
VS Yeligati,2008-2008,2,1,0,2,2,2,2,100,0,0,0,0,0,
Abdul Basith,2023-2023,1,1,1,1,1*,-,1,100,0,0,0,0,0,
Ashok Sharma,2026-2026,6,2,2,1,1*,-,4,25,0,0,0,0,0,
Ashwani Kumar,2025-2026,10,1,1,1,1*,-,6,16.66,0,0,0,0,0,
MS Bhandage,2025-2025,1,1,0,1,1,1,4,25,0,0,0,0,0,
SE Bond,2010-2010,8,1,0,1,1,1,2,50,0,0,0,0,0,
M de Lange,2012-2015,5,1,0,1,1,1,2,50,0,0,0,0,0,
HF Gurney,2019-2019,8,1,1,1,1*,-,5,20,0,0,0,0,0,
BE Hendricks,2014-2015,7,3,2,1,1*,1,3,33.33,0,0,1,0,0,
KA Maharaj,2024-2024,2,1,0,1,1,1,2,50,0,0,0,0,0,
SS Mishra,2026-2026,2,1,1,1,1*,-,3,33.33,0,0,0,0,0,
Mohit Rathee,2023-2023,1,1,1,1,1*,-,2,50,0,0,0,0,0,
SZ Mulani,2024-2024,2,1,1,1,1*,-,1,100,0,0,0,0,0,
DJ Muthuswami,2015-2015,6,2,1,1,1,1,3,33.33,0,0,0,0,0,
P Parameswaran,2011-2012,8,2,2,1,1*,-,2,50,0,0,0,0,0,
LE Plunkett,2018-2018,7,2,1,1,1*,1,3,33.33,0,0,1,0,0,
PVSN Raju,2025-2025,2,1,1,1,1*,-,1,100,0,0,0,0,0,
NJ Rimmington,2011-2011,1,1,1,1,1*,-,1,100,0,0,0,0,0,
PM Sarvesh Kumar,2008-2008,2,1,1,1,1*,-,2,50,0,0,0,0,0,
Shoaib Ahmed,2009-2009,8,3,1,1,1*,0.5,6,16.66,0,0,2,0,0,
MJ Suthar,2024-2026,5,1,0,1,1,1,2,50,0,0,0,0,0,
DP Vijaykumar,2008-2008,9,2,2,1,1*,-,1,100,0,0,0,0,0,
LB Williams,2024-2024,2,1,1,1,1*,-,2,50,0,0,0,0,0,
S Ladda,2010-2016,9,2,1,0,0*,0,9,0,0,0,1,0,0,
YA Abdulla,2009-2010,11,1,1,0,0*,-,1,0,0,0,0,0,0,
Abdur Razzak,2008-2008,1,1,1,0,0*,-,2,0,0,0,0,0,0,
L Ablish,2010-2011,3,1,1,0,0*,-,2,0,0,0,0,0,0,
KM Asif,2018-2023,7,1,0,0,0,0,2,0,0,0,1,0,0,
RR Bhatkal,2012-2012,1,1,0,0,0,0,2,0,0,0,1,0,0,
SS Cottrell,2020-2020,6,1,0,0,0,0,2,0,0,0,1,0,0,
MJ Dagar,2023-2024,8,1,0,0,0,0,1,0,0,0,1,0,0,
JL Denly,2019-2019,1,1,0,0,0,0,1,0,0,0,1,0,0,
ND Doshi,2010-2011,4,1,0,0,0,0,13,0,0,0,1,0,0,
C Ganapathy,2010-2010,1,1,1,0,0*,-,0,-,0,0,0,0,0,
Sunny Gupta,2012-2012,1,1,0,0,0,0,1,0,0,0,1,0,0,
BW Hilfenhaus,2012-2014,17,1,1,0,0*,-,0,-,0,0,0,0,0,
U Kaul,2008-2008,5,1,1,0,0*,-,1,0,0,0,0,0,0,
S Kaushik,2016-2017,10,2,1,0,0*,0,1,0,0,0,1,0,0,
S Lamichhane,2018-2019,9,1,0,0,0,0,1,0,0,0,1,0,0,
Mayank Rawat,2026-2026,1,1,1,0,0*,-,0,-,0,0,0,0,0,
RP Meredith,2021-2023,18,3,3,0,0*,-,3,0,0,0,0,0,0,
Musheer Khan,2025-2025,1,1,0,0,0,0,3,0,0,0,1,0,0,
C Nanda,2009-2009,3,1,0,0,0,0,1,0,0,0,1,0,0,
A Nel,2008-2008,1,1,0,0,0,0,0,-,0,0,1,0,0,
MJ Owen,2025-2025,1,1,0,0,0,0,2,0,0,0,1,0,0,
IC Pandey,2013-2015,25,1,0,0,0,0,2,0,0,0,1,0,0,
V Pratap Singh,2012-2012,9,1,0,0,0,0,1,0,0,0,1,0,0,
Y Prithvi Raj,2019-2019,2,1,1,0,0*,-,1,0,0,0,0,0,0,
KS Rathore,2025-2025,1,1,0,0,0,0,5,0,0,0,1,0,0,
R Sanjay Yadav,2022-2022,1,1,0,0,0,0,2,0,0,0,1,0,0,
KR Sen,2022-2024,12,1,1,0,0*,-,3,0,0,0,0,0,0,
TP Sudhindra,2012-2012,3,1,1,0,0*,-,0,-,0,0,0,0,0,
K Yadav,2021-2023,3,1,1,0,0*,-,4,0,0,0,0,0,0,
P Amarnath,2008-2008,6,-,-,-,-,-,-,-,-,-,-,-,-,
Abhinandan Singh,2026-2026,3,-,-,-,-,-,-,-,-,-,-,-,-,
SS Agarwal,2017-2017,1,-,-,-,-,-,-,-,-,-,-,-,-,
Akash Singh,2021-2026,12,-,-,-,-,-,-,-,-,-,-,-,-,
Anand Rajan,2011-2013,8,-,-,-,-,-,-,-,-,-,-,-,-,
SM Boland,2016-2016,2,-,-,-,-,-,-,-,-,-,-,-,-,
RR Bose,2009-2009,1,-,-,-,-,-,-,-,-,-,-,-,-,
CJ Dala,2018-2018,1,-,-,-,-,-,-,-,-,-,-,-,-,
KH Devdhar,2011-2011,1,-,-,-,-,-,-,-,-,-,-,-,-,
P Dharmani,2008-2008,1,-,-,-,-,-,-,-,-,-,-,-,-,
JA Duffy,2026-2026,6,-,-,-,-,-,-,-,-,-,-,-,-,
BJ Dwarshuis,2026-2026,1,-,-,-,-,-,-,-,-,-,-,-,-,
Gagandeep Singh,2008-2008,4,-,-,-,-,-,-,-,-,-,-,-,-,
B Geeves,2008-2008,2,-,-,-,-,-,-,-,-,-,-,-,-,
RS Ghosh,2026-2026,1,-,-,-,-,-,-,-,-,-,-,-,-,
R Goyal,2023-2023,1,-,-,-,-,-,-,-,-,-,-,-,-,
CJ Green,2020-2020,1,-,-,-,-,-,-,-,-,-,-,-,-,
Gurjapneet Singh,2026-2026,8,-,-,-,-,-,-,-,-,-,-,-,-,
Gurnoor Brar,2023-2023,1,-,-,-,-,-,-,-,-,-,-,-,-,
RS Hangargekar,2023-2023,2,-,-,-,-,-,-,-,-,-,-,-,-,
JW Hastings,2014-2016,3,-,-,-,-,-,-,-,-,-,-,-,-,
D Jansen,2023-2023,1,-,-,-,-,-,-,-,-,-,-,-,-,
S Joseph,2024-2024,1,-,-,-,-,-,-,-,-,-,-,-,-,
Karim Janat,2025-2025,1,-,-,-,-,-,-,-,-,-,-,-,-,
V Kaverappa,2024-2024,1,-,-,-,-,-,-,-,-,-,-,-,-,
AA Kazi,2011-2011,1,-,-,-,-,-,-,-,-,-,-,-,-,
K Khejroliya,2018-2026,9,-,-,-,-,-,-,-,-,-,-,-,-,
SC Kuggeleijn,2019-2019,2,-,-,-,-,-,-,-,-,-,-,-,-,
JB Little,2023-2024,11,-,-,-,-,-,-,-,-,-,-,-,-,
D Madushanka,2026-2026,1,-,-,-,-,-,-,-,-,-,-,-,-,
SSB Magala,2023-2023,2,-,-,-,-,-,-,-,-,-,-,-,-,
LI Meriwala,2021-2021,1,-,-,-,-,-,-,-,-,-,-,-,-,
S Midhun,2019-2019,1,-,-,-,-,-,-,-,-,-,-,-,-,
T Mishra,2012-2012,1,-,-,-,-,-,-,-,-,-,-,-,-,
Monu Kumar,2020-2020,1,-,-,-,-,-,-,-,-,-,-,-,-,
SS Mundhe,2011-2011,1,-,-,-,-,-,-,-,-,-,-,-,-,
B Muzarabani,2026-2026,2,-,-,-,-,-,-,-,-,-,-,-,-,
MG Neser,2013-2013,1,-,-,-,-,-,-,-,-,-,-,-,-,
W O'Rourke,2025-2025,3,-,-,-,-,-,-,-,-,-,-,-,-,
MB Parmar,2010-2010,1,-,-,-,-,-,-,-,-,-,-,-,-,
M Pathirana,2022-2026,33,-,-,-,-,-,-,-,-,-,-,-,-,
RV Pawar,2008-2008,1,-,-,-,-,-,-,-,-,-,-,-,-,
IC Porel,2021-2021,1,-,-,-,-,-,-,-,-,-,-,-,-,
P Prasanth,2011-2011,1,-,-,-,-,-,-,-,-,-,-,-,-,
RW Price,2011-2011,1,-,-,-,-,-,-,-,-,-,-,-,-,
V Puthur,2025-2025,5,-,-,-,-,-,-,-,-,-,-,-,-,
AM Salvi,2009-2011,7,-,-,-,-,-,-,-,-,-,-,-,-,
S Sandeep Warrier,2019-2024,10,-,-,-,-,-,-,-,-,-,-,-,-,
GS Sandhu,2015-2015,3,-,-,-,-,-,-,-,-,-,-,-,-,
K Santokie,2014-2014,2,-,-,-,-,-,-,-,-,-,-,-,-,
SS Sarkar,2009-2009,2,-,-,-,-,-,-,-,-,-,-,-,-,
Jalaj S Saxena,2021-2021,1,-,-,-,-,-,-,-,-,-,-,-,-,
RA Shaikh,2009-2009,1,-,-,-,-,-,-,-,-,-,-,-,-,
H Sharma,2023-2024,2,-,-,-,-,-,-,-,-,-,-,-,-,
RS Sharma,2026-2026,6,-,-,-,-,-,-,-,-,-,-,-,-,
M Siddharth,2024-2026,9,-,-,-,-,-,-,-,-,-,-,-,-,
NB Singh,2017-2017,2,-,-,-,-,-,-,-,-,-,-,-,-,
PH Solanki,2022-2022,2,-,-,-,-,-,-,-,-,-,-,-,-,
P Suyal,2013-2015,5,-,-,-,-,-,-,-,-,-,-,-,-,
Suyash Sharma,2023-2026,39,-,-,-,-,-,-,-,-,-,-,-,-,
Tejas Baroka,2017-2017,1,-,-,-,-,-,-,-,-,-,-,-,-,
Yash Thakur,2023-2026,22,-,-,-,-,-,-,-,-,-,-,-,-,
O Thomas,2019-2019,4,-,-,-,-,-,-,-,-,-,-,-,-,
N Thushara,2024-2025,8,-,-,-,-,-,-,-,-,-,-,-,-,
T Vijay,2026-2026,1,-,-,-,-,-,-,-,-,-,-,-,-,
Yash Raj Punja,2026-2026,8,-,-,-,-,-,-,-,-,-,-,-,-,
Zeeshan Ansari,2025-2025,10,-,-,-,-,-,-,-,-,-,-,-,-,
