Player,Span,Mat,Inns,Overs,Mdns,Runs,Wkts,BBI,Ave,Econ,SR,4,5,
V Kohli,2008-2026,283,26,41.5,0,368,4,2/25,92,8.79,62.7,0,0,
RG Sharma,2008-2026,281,32,56.3,0,453,15,4/6,30.2,8.01,22.6,1,0,
MS Dhoni,2008-2025,278,-,-,-,-,-,-,-,-,-,-,-,
RA Jadeja,2008-2026,268,237,709.0,2,5465,180,5/16,30.36,7.7,23.6,3,1,
KD Karthik,2008-2024,257,-,-,-,-,-,-,-,-,-,-,-,
S Dhawan,2008-2024,222,6,8.0,0,66,4,1/7,16.5,8.25,12,0,0,
R Ashwin,2009-2025,221,217,785.0,4,5652,187,4/34,30.22,7.2,25.1,1,0,
AM Rahane,2008-2026,212,1,1.0,0,5,1,1/5,5,5,6,0,0,
B Kumar,2011-2026,206,206,766.4,14,5913,226,5/19,26.16,7.71,20.3,3,2,
SK Raina,2008-2021,205,69,151.2,0,1118,25,2/0,44.72,7.38,36.3,0,0,
RV Uthappa,2008-2022,205,-,-,-,-,-,-,-,-,-,-,-,
AT Rayudu,2010-2023,204,-,-,-,-,-,-,-,-,-,-,-,
SP Narine,2012-2026,202,200,775.1,3,5261,207,5/19,25.41,6.78,22.4,7,1,
PP Chawla,2008-2024,192,191,641.4,2,5108,192,4/17,26.6,7.96,20,2,0,
SV Samson,2013-2026,191,-,-,-,-,-,-,-,-,-,-,-,
KA Pollard,2010-2022,189,107,248.0,0,2180,69,4/44,31.59,8.79,21.5,1,0,
YS Chahal,2013-2026,188,184,672.5,4,5417,233,5/40,23.24,8.05,17.3,8,1,
DA Warner,2009-2024,184,1,0.1,0,2,0,-,-,12,-,0,0,
AB de Villiers,2008-2021,184,-,-,-,-,-,-,-,-,-,-,-,
MK Pandey,2008-2026,180,-,-,-,-,-,-,-,-,-,-,-,
SA Yadav,2012-2026,179,1,1.0,0,8,0,-,-,8,-,0,0,
AR Patel,2014-2026,176,172,594.3,2,4406,139,4/21,31.69,7.41,25.6,1,0,
YK Pathan,2008-2019,174,82,191.1,1,1415,42,3/20,33.69,7.4,27.3,0,0,
WP Saha,2008-2024,170,-,-,-,-,-,-,-,-,-,-,-,
Harbhajan Singh,2008-2021,163,160,569.2,6,4030,150,5/18,26.86,7.07,22.7,1,1,
A Mishra,2008-2024,162,162,561.5,6,4145,174,5/17,23.82,7.37,19.3,4,1,
HH Pandya,2015-2026,162,116,294.0,0,2751,82,5/36,33.54,9.35,21.5,0,1,
DJ Bravo,2008-2022,161,158,519.5,3,4360,183,4/22,23.82,8.38,17,2,0,
KL Rahul,2013-2026,159,-,-,-,-,-,-,-,-,-,-,-,
JJ Bumrah,2013-2026,158,158,605.1,8,4441,187,5/10,23.74,7.33,19.4,3,2,
KH Pandya,2016-2026,158,147,450.1,1,3410,107,4/45,31.86,7.57,25.2,1,0,
F du Plessis,2012-2025,154,1,1.0,0,16,0,-,-,16,-,0,0,
G Gambhir,2008-2018,154,-,-,-,-,-,-,-,-,-,-,-,
Rashid Khan,2017-2026,153,153,588.2,4,4282,179,4/24,23.92,7.27,19.7,3,0,
DA Miller,2012-2026,152,-,-,-,-,-,-,-,-,-,-,-,
UT Yadav,2010-2024,148,147,508.2,5,4317,144,4/23,29.97,8.49,21.1,3,0,
SS Iyer,2015-2026,147,1,1.0,0,7,0,-,-,7,-,0,0,
SR Watson,2008-2020,145,105,338.1,3,2682,92,4/29,29.15,7.93,22,1,0,
Sandeep Sharma,2013-2026,143,142,526.3,8,4294,151,5/18,28.43,8.15,20.9,2,1,
CH Gayle,2009-2021,142,38,92.2,0,729,18,3/21,40.5,7.89,30.7,0,0,
GJ Maxwell,2012-2025,141,85,170.2,1,1413,41,2/15,34.46,8.29,24.9,0,0,
AD Russell,2012-2025,140,121,301.0,0,2863,123,5/15,23.27,9.51,14.6,2,1,
RR Pant,2016-2026,139,-,-,-,-,-,-,-,-,-,-,-,
PA Patel,2008-2019,139,-,-,-,-,-,-,-,-,-,-,-,
JC Buttler,2016-2026,138,-,-,-,-,-,-,-,-,-,-,-,
Ishan Kishan,2016-2026,134,1,0.1,0,4,0,-,-,24,-,0,0,
Shubman Gill,2018-2026,134,-,-,-,-,-,-,-,-,-,-,-,
Mohammed Shami,2013-2026,132,132,485.2,3,4208,145,4/11,29.02,8.67,20,2,0,
Yuvraj Singh,2008-2019,132,73,144.5,0,1077,36,4/29,29.91,7.43,24.1,2,0,
MA Agarwal,2011-2025,131,-,-,-,-,-,-,-,-,-,-,-,
N Rana,2016-2026,127,27,36.0,0,325,10,2/11,32.5,9.02,21.6,0,0,
TA Boult,2015-2026,125,124,463.2,11,3935,145,4/18,27.13,8.49,19.1,2,0,
DJ Hooda,2015-2025,125,34,63.1,0,546,10,2/16,54.6,8.64,37.9,0,0,
Mohammed Siraj,2017-2026,125,125,445.2,5,3911,128,4/17,30.55,8.78,20.8,3,0,
HV Patel,2012-2026,124,121,417.4,2,3727,151,5/27,24.68,8.92,16.5,4,1,
R Tewatia,2014-2026,124,52,140.3,0,1111,32,3/18,34.71,7.9,26.3,0,0,
SL Malinga,2009-2019,122,122,471.1,8,3365,170,5/13,19.79,7.14,16.6,6,1,
MP Stoinis,2016-2026,122,75,155.5,0,1547,46,4/15,33.63,9.92,20.3,1,0,
MM Sharma,2013-2025,120,119,400.3,0,3513,134,5/10,26.21,8.77,17.9,3,1,
P Kumar,2008-2017,119,119,420.4,14,3251,90,3/18,36.12,7.72,28,0,0,
Q de Kock,2013-2026,118,-,-,-,-,-,-,-,-,-,-,-,
I Sharma,2008-2025,117,117,403.1,6,3377,96,5/12,35.17,8.37,25.1,0,1,
JD Unadkat,2010-2026,116,115,391.5,3,3504,114,5/25,30.73,8.94,20.6,0,2,
SN Thakur,2015-2026,114,109,367.0,3,3514,119,4/34,29.52,9.57,18.5,3,0,
NV Ojha,2009-2018,113,-,-,-,-,-,-,-,-,-,-,-,
Mandeep Singh,2010-2023,111,2,2.0,0,26,0,-,-,13,-,0,0,
Kuldeep Yadav,2016-2026,110,106,379.0,1,3130,112,4/14,27.94,8.25,20.3,4,0,
BB McCullum,2008-2018,109,-,-,-,-,-,-,-,-,-,-,-,
M Vijay,2009-2020,106,4,6.0,0,49,0,-,-,8.16,-,0,0,
R Vinay Kumar,2008-2018,105,104,353.4,1,2966,105,4/40,28.24,8.38,20.2,1,0,
V Sehwag,2008-2015,104,15,22.4,0,235,6,2/18,39.16,10.36,22.6,0,0,
N Pooran,2019-2026,104,-,-,-,-,-,-,-,-,-,-,-,
DL Chahar,2016-2026,103,103,344.4,7,2862,96,4/13,29.81,8.3,21.5,2,0,
IK Pathan,2008-2017,103,101,340.3,10,2649,80,3/24,33.11,7.77,25.5,0,0,
SPD Smith,2012-2021,103,1,0.2,0,5,0,-,-,15,-,0,0,
K Rabada,2017-2026,101,101,381.4,3,3358,148,4/21,22.68,8.79,15.4,6,0,
Z Khan,2008-2017,100,99,366.4,5,2782,102,4/17,27.27,7.58,21.5,1,0,
RA Tripathi,2017-2025,100,1,1.0,0,12,0,-,-,12,-,0,0,
JH Kallis,2008-2014,98,89,290.2,3,2293,65,3/13,35.27,7.89,26.8,0,0,
R Parag,2019-2026,98,34,53.1,0,515,9,1/5,57.22,9.68,35.4,0,0,
MK Tiwary,2008-2018,98,6,7.0,0,83,1,1/11,83,11.85,42,0,0,
Arshdeep Singh,2019-2026,96,95,338.4,2,3111,111,5/32,28.02,9.18,18.3,2,1,
R Bhatia,2008-2017,95,91,272.4,1,2020,71,4/15,28.45,7.4,23,1,0,
STR Binny,2010-2019,95,63,99.0,0,758,22,2/14,34.45,7.65,27,0,0,
DW Steyn,2008-2020,95,95,362.4,7,2508,97,3/8,25.85,6.91,22.4,0,0,
CV Varun,2019-2026,95,94,355.4,1,2745,111,5/20,24.72,7.71,19.2,1,1,
S Badrinath,2008-2013,95,-,-,-,-,-,-,-,-,-,-,-,
KM Jadhav,2010-2023,95,-,-,-,-,-,-,-,-,-,-,-,
SO Hetmyer,2019-2026,94,-,-,-,-,-,-,-,-,-,-,-,
SS Tiwary,2008-2021,93,-,-,-,-,-,-,-,-,-,-,-,
Abhishek Sharma,2018-2026,92,36,60.5,0,550,11,2/4,50,9.04,33.1,0,0,
S Dube,2019-2026,92,19,25.4,0,277,6,2/15,46.16,10.79,25.6,0,0,
AJ Finch,2010-2022,92,5,7.1,0,67,1,1/11,67,9.34,43,0,0,
DS Kulkarni,2008-2021,92,92,297.5,8,2474,86,4/14,28.76,8.3,20.7,1,0,
PP Ojha,2008-2015,92,90,316.3,1,2332,89,3/11,26.2,7.36,21.3,0,0,
JA Morkel,2008-2016,91,87,287.1,3,2355,85,4/32,27.7,8.2,20.2,1,0,
DR Smith,2008-2017,91,46,89.5,0,810,26,4/8,31.15,9.01,20.7,1,0,
KV Sharma,2009-2025,90,87,264.1,1,2215,83,4/16,26.68,8.38,19,2,0,
D Padikkal,2020-2026,90,-,-,-,-,-,-,-,-,-,-,-,
R Dravid,2008-2013,89,-,-,-,-,-,-,-,-,-,-,-,
A Nehra,2008-2017,88,88,318.0,2,2495,106,4/10,23.53,7.84,18,1,0,
Ravi Bishnoi,2020-2026,86,85,298.1,1,2494,83,4/41,30.04,8.36,21.5,1,0,
KK Nair,2013-2026,86,-,-,-,-,-,-,-,-,-,-,-,
RD Gaikwad,2020-2026,85,-,-,-,-,-,-,-,-,-,-,-,
Avesh Khan,2017-2026,83,82,294.3,1,2734,93,4/24,29.39,9.28,19,1,0,
JP Duminy,2009-2018,83,49,113.0,0,834,23,4/17,36.26,7.38,29.4,1,0,
YBK Jaiswal,2020-2026,83,1,0.1,0,6,0,-,-,36,-,0,0,
Washington Sundar,2017-2026,83,68,195.4,1,1520,40,3/16,38,7.76,29.3,0,0,
EJG Morgan,2010-2021,83,-,-,-,-,-,-,-,-,-,-,-,
RP Singh,2008-2016,82,82,295.5,2,2338,90,4/22,25.97,7.9,19.7,2,0,
CH Morris,2013-2021,81,81,286.4,1,2295,95,4/23,24.15,8,18.1,4,0,
RD Chahar,2017-2026,80,79,282.2,1,2196,75,4/27,29.28,7.77,22.5,1,0,
PJ Cummins,2014-2026,80,80,301.3,2,2680,87,4/34,30.8,8.88,20.7,1,0,
AC Gilchrist,2008-2013,80,1,0.1,0,0,1,1/0,0,0,1,0,0,
DPMD Jayawardene,2008-2013,80,-,-,-,-,-,-,-,-,-,-,-,
KS Williamson,2015-2024,79,2,3.0,0,31,0,-,-,10.33,-,0,0,
PP Shaw,2018-2024,79,-,-,-,-,-,-,-,-,-,-,-,
AB Dinda,2008-2017,78,75,252.4,3,2073,69,4/18,30.04,8.2,21.9,1,0,
M Prasidh Krishna,2018-2026,78,78,288.5,3,2598,90,4/28,28.86,8.99,19.2,3,0,
V Shankar,2014-2025,78,22,39.4,0,344,9,2/19,38.22,8.67,26.4,0,0,
SR Tendulkar,2008-2013,78,4,6.0,0,58,0,-,-,9.66,-,0,0,
KK Ahmed,2018-2026,76,76,276.1,4,2474,91,3/21,27.18,8.95,18.2,0,0,
SK Trivedi,2008-2013,76,75,251.0,2,1904,65,4/25,29.29,7.58,23.1,1,0,
MM Ali,2018-2025,73,57,142.2,1,1029,41,4/26,25.09,7.22,20.8,1,0,
L Balaji,2008-2014,73,73,252.1,2,2028,76,5/24,26.68,8.04,19.9,3,1,
T Natarajan,2017-2026,73,72,257.4,2,2374,72,4/19,32.97,9.21,21.4,1,0,
RK Singh,2018-2026,73,-,-,-,-,-,-,-,-,-,-,-,
S Nadeem,2011-2021,72,70,235.5,2,1784,48,3/16,37.16,7.56,29.4,0,0,
Abdul Samad,2020-2026,71,7,9.3,0,125,2,1/9,62.5,13.15,28.5,0,0,
Shakib Al Hasan,2011-2021,71,70,247.2,1,1839,63,3/17,29.19,7.43,23.5,0,0,
SE Marsh,2008-2017,71,-,-,-,-,-,-,-,-,-,-,-,
KC Sangakkara,2008-2013,71,-,-,-,-,-,-,-,-,-,-,-,
JM Sharma,2022-2026,71,-,-,-,-,-,-,-,-,-,-,-,
M Morkel,2009-2016,70,70,271.3,3,2089,77,4/20,27.12,7.69,21.1,1,0,
VR Iyer,2021-2026,69,9,13.3,0,143,3,2/29,47.66,10.59,27,0,0,
AK Markram,2021-2026,69,24,37.1,0,357,6,2/30,59.5,9.6,37.1,0,0,
JC Archer,2018-2026,68,68,263.0,4,2161,84,3/15,25.72,8.21,18.7,0,0,
MR Marsh,2010-2026,68,34,93.2,1,795,37,4/25,21.48,8.51,15.1,2,0,
NT Tilak Varma,2022-2026,68,4,3.4,0,28,0,-,-,7.63,-,0,0,
A Badoni,2022-2026,66,8,6.5,0,63,4,2/4,15.75,9.21,10.2,0,0,
TH David,2021-2026,66,1,1.0,0,18,0,-,-,18,-,0,0,
BJ Hodge,2008-2014,66,20,39.0,0,303,17,4/13,17.82,7.76,13.7,1,0,
M Muralidaran,2008-2014,66,66,254.0,1,1696,63,3/11,26.92,6.67,24.1,0,0,
Y Venugopal Rao,2008-2014,65,20,36.0,0,337,6,2/23,56.16,9.36,36,0,0,
Prabhsimran Singh,2019-2026,65,-,-,-,-,-,-,-,-,-,-,-,
SM Curran,2019-2025,64,63,208.5,0,2033,59,4/11,34.45,9.73,21.2,1,0,
DJ Hussey,2008-2014,64,26,52.5,0,474,8,2/2,59.25,8.97,39.6,0,0,
M Shahrukh Khan,2021-2026,64,3,3.0,0,28,1,1/13,28,9.33,18,0,0,
H Klaasen,2018-2026,64,-,-,-,-,-,-,-,-,-,-,-,
MM Patel,2008-2017,63,63,225.5,5,1698,74,5/21,22.94,7.51,18.3,2,1,
Shahbaz Ahmed,2020-2026,63,50,109.1,0,1069,27,3/7,39.59,9.79,24.2,0,0,
MC Henriques,2009-2021,62,60,158.2,0,1289,42,3/12,30.69,8.14,22.6,0,0,
JP Faulkner,2011-2017,60,60,204.3,4,1778,59,5/16,30.13,8.69,20.7,0,2,
Mustafizur Rahman,2016-2025,60,60,227.2,2,1849,65,4/29,28.44,8.13,20.9,1,0,
AM Nayar,2008-2014,60,19,38.1,0,322,9,3/13,35.77,8.43,25.4,0,0,
SC Ganguly,2008-2012,59,20,46.0,0,363,10,2/21,36.3,7.89,27.6,0,0,
Imran Tahir,2014-2021,59,59,219.2,1,1703,82,4/12,20.76,7.76,16,3,0,
SB Jakati,2009-2017,59,57,180.5,1,1451,47,4/22,30.87,8.02,23,2,0,
MEK Hussey,2008-2015,59,-,-,-,-,-,-,-,-,-,-,-,
SN Khan,2015-2026,58,1,0.2,0,6,0,-,-,18,-,0,0,
MA Starc,2014-2026,58,55,196.3,1,1727,76,5/35,22.72,8.78,15.5,3,1,
DC Jurel,2023-2026,58,-,-,-,-,-,-,-,-,-,-,-,
JO Holder,2013-2026,57,57,204.1,0,1751,70,4/24,25.01,8.57,17.5,2,0,
RM Patidar,2021-2026,57,-,-,-,-,-,-,-,-,-,-,-,
B Sai Sudharsan,2022-2026,57,-,-,-,-,-,-,-,-,-,-,-,
M Kartik,2008-2014,56,55,191.4,1,1388,31,3/17,44.77,7.24,37,0,0,
MJ McClenaghan,2015-2019,56,56,212.2,1,1803,71,4/21,25.39,8.49,17.9,1,0,
M Vohra,2013-2023,56,-,-,-,-,-,-,-,-,-,-,-,
S Kaul,2013-2022,55,55,201.3,3,1739,58,4/29,29.98,8.63,20.8,1,0,
M Manhas,2008-2014,55,3,7.0,0,42,0,-,-,6,-,0,0,
LRPL Taylor,2008-2014,55,2,2.0,0,24,0,-,-,12,-,0,0,
SK Warne,2008-2011,55,54,199.0,1,1447,57,4/21,25.38,7.27,20.9,1,0,
MG Johnson,2013-2018,54,54,205.2,2,1702,61,3/26,27.9,8.28,20.1,0,0,
TG Southee,2011-2023,54,54,201.0,2,1742,47,3/20,37.06,8.66,25.6,0,0,
TU Deshpande,2020-2026,53,53,183.5,0,1858,55,4/27,33.78,10.1,20,1,0,
TM Head,2016-2026,53,7,10.4,0,120,3,2/30,40,11.25,21.3,0,0,
Shashank Singh,2022-2026,53,8,15.0,0,140,5,2/20,28,9.33,18,0,0,
VR Aaron,2011-2022,52,50,165.4,2,1481,44,3/16,33.65,8.93,22.5,0,0,
TM Dilshan,2008-2013,52,25,45.1,0,366,5,1/3,73.2,8.1,54.2,0,0,
LH Ferguson,2017-2026,52,52,181.3,1,1671,52,4/28,32.13,9.2,20.9,1,0,
S Gopal,2014-2024,52,51,165.1,1,1349,52,4/16,25.94,8.16,19,1,0,
JR Hazlewood,2020-2026,52,52,196.0,1,1690,72,4/12,23.47,8.62,16.3,3,0,
JM Bairstow,2019-2025,52,-,-,-,-,-,-,-,-,-,-,-,
Harpreet Brar,2019-2026,51,48,143.1,1,1145,37,4/30,30.94,7.99,23.2,1,0,
LS Livingstone,2019-2026,51,27,52.0,0,469,13,3/27,36.07,9.01,24,0,0,
Noor Ahmad,2023-2026,51,51,183.0,0,1495,61,4/18,24.5,8.16,18,2,0,
P Negi,2012-2019,50,42,119.2,0,939,34,4/18,27.61,7.86,21,1,0,
DT Christian,2011-2021,49,49,147.1,0,1192,38,2/10,31.36,8.09,23.2,0,0,
Iqbal Abdulla,2008-2017,49,48,153.2,1,1109,40,3/24,27.72,7.23,23,0,0,
AD Mathews,2009-2017,49,44,131.5,0,1079,27,4/19,39.96,8.18,29.2,1,0,
A Nortje,2020-2026,49,49,186.4,1,1696,61,3/33,27.8,9.08,18.3,0,0,
M Jansen,2021-2026,48,47,169.3,1,1632,45,3/17,36.26,9.62,22.6,0,0,
LR Shukla,2008-2014,47,27,52.2,0,447,15,3/6,29.8,8.54,20.9,0,0,
CL White,2008-2013,47,6,7.0,0,86,1,1/14,86,12.28,42,0,0,
T Stubbs,2022-2026,46,5,6.0,0,69,4,2/11,17.25,11.5,9,0,0,
BA Stokes,2017-2023,45,38,114.5,2,992,28,3/15,35.42,8.63,24.6,0,0,
M Ashwin,2016-2023,44,44,145.0,0,1162,35,3/21,33.2,8.01,24.8,0,0,
MS Gony,2008-2017,44,44,148.0,3,1287,37,3/31,34.78,8.69,24,0,0,
R Sharma,2010-2014,44,44,154.4,1,1086,40,3/13,27.15,7.02,23.2,0,0,
S Sreesanth,2008-2013,44,44,146.4,4,1190,40,3/29,29.75,8.11,22,0,0,
N Wadhera,2023-2026,44,2,2.5,0,22,0,-,-,7.76,-,0,0,
VG Arora,2022-2026,43,42,144.2,1,1406,47,3/27,29.91,9.74,18.4,0,0,
C Green,2023-2026,43,39,95.1,0,898,23,2/12,39.04,9.43,24.8,0,0,
TL Suman,2009-2013,43,11,25.0,0,197,6,2/14,32.83,7.88,25,0,0,
Yash Dayal,2022-2025,43,43,145.1,0,1390,41,3/20,33.9,9.57,21.2,0,0,
AB Agarkar,2008-2013,42,42,130.2,0,1151,29,3/25,39.68,8.83,26.9,0,0,
A Kumble,2008-2010,42,42,160.5,1,1058,45,5/5,23.51,6.57,21.4,2,1,
Mukesh Kumar,2023-2026,42,42,137.2,1,1455,42,4/33,34.64,10.59,19.6,1,0,
K Nitish Kumar Reddy,2023-2026,42,26,54.1,0,577,13,2/17,44.38,10.65,25,0,0,
PJ Sangwan,2008-2022,42,42,142.4,1,1240,38,3/18,32.63,8.69,22.5,0,0,
CA Lynn,2012-2021,42,-,-,-,-,-,-,-,-,-,-,-,
Gurkeerat Singh,2012-2020,41,6,13.0,0,97,5,2/15,19.4,7.46,15.6,0,0,
MK Lomror,2018-2024,40,11,15.0,0,127,1,1/22,127,8.46,90,0,0,
M Markande,2018-2026,40,40,125.0,0,1145,37,4/15,30.94,9.16,20.2,2,0,
R Powell,2022-2026,40,2,3.0,0,35,1,1/18,35,11.66,18,0,0,
GJ Bailey,2009-2016,40,-,-,-,-,-,-,-,-,-,-,-,
PD Salt,2023-2026,40,-,-,-,-,-,-,-,-,-,-,-,
NM Coulter-Nile,2013-2022,39,38,142.5,1,1100,48,4/14,22.91,7.7,17.8,2,0,
R Dhawan,2013-2024,39,36,110.2,1,891,25,2/14,35.64,8.07,26.4,0,0,
Ramandeep Singh,2022-2026,39,6,9.2,0,94,7,3/20,13.42,10.07,8,0,0,
Suyash Sharma,2023-2026,39,39,133.5,1,1190,27,3/17,44.07,8.89,29.7,0,0,
A Symonds,2008-2011,39,30,87.5,0,674,20,3/21,33.7,7.67,26.3,0,0,
MS Bisla,2010-2015,39,-,-,-,-,-,-,-,-,-,-,-,
S Aravind,2011-2017,38,38,126.4,0,1039,45,4/14,23.08,8.2,16.8,2,0,
B Lee,2008-2013,38,38,145.5,3,1095,25,3/15,43.8,7.5,35,0,0,
M Theekshana,2022-2025,38,38,146.0,1,1207,36,4/33,33.52,8.26,24.3,1,0,
RJ Harris,2009-2013,37,37,138.4,3,1047,45,4/34,23.26,7.55,18.4,1,0,
PW Hasaranga,2021-2025,37,37,133.0,1,1119,46,5/18,24.32,8.41,17.3,2,1,
Naman Dhir,2024-2026,37,5,8.4,0,76,0,-,-,8.76,-,0,0,
NLTC Perera,2010-2016,37,36,116.2,0,1016,31,3/20,32.77,8.73,22.5,0,0,
K Gowtham,2018-2024,36,35,98.0,1,808,21,2/12,38.47,8.24,28,0,0,
KP Pietersen,2009-2016,36,13,29.0,0,215,7,2/31,30.71,7.41,24.8,0,0,
HH Gibbs,2008-2012,36,-,-,-,-,-,-,-,-,-,-,-,
MJ Santner,2019-2026,35,35,114.3,0,860,30,3/11,28.66,7.51,22.9,0,0,
Abishek Porel,2023-2026,35,-,-,-,-,-,-,-,-,-,-,-,
A Raghuvanshi,2024-2026,35,-,-,-,-,-,-,-,-,-,-,-,
AP Tare,2010-2017,35,-,-,-,-,-,-,-,-,-,-,-,
J Botha,2009-2015,34,34,115.4,0,800,25,3/6,32,6.91,27.7,0,0,
Harshit Rana,2022-2025,34,32,108.1,1,1029,40,3/24,25.72,9.51,16.2,0,0,
CJ Jordan,2016-2023,34,34,111.2,1,1070,30,4/11,35.66,9.61,22.2,1,0,
Kartik Tyagi,2020-2026,34,33,121.2,0,1211,33,3/22,36.69,9.98,22,0,0,
NA Saini,2019-2026,34,33,112.4,1,1011,23,3/40,43.95,8.97,29.3,0,0,
R Sathish,2010-2016,34,14,23.1,0,232,3,1/11,77.33,10.01,46.3,0,0,
DL Vettori,2008-2012,34,34,129.3,0,879,28,3/15,31.39,6.78,27.7,0,0,
P Awana,2012-2014,33,33,124.3,2,1029,39,4/34,26.38,8.26,19.1,1,0,
Bipul Sharma,2010-2017,33,28,71.0,0,572,17,2/13,33.64,8.05,25,0,0,
WD Parnell,2011-2023,33,33,120.3,1,937,35,3/10,26.77,7.77,20.6,0,0,
M Pathirana,2022-2026,33,33,118.2,0,1025,47,4/28,21.8,8.66,15.1,1,0,
R Shepherd,2022-2026,33,28,60.0,0,706,17,3/54,41.52,11.76,21.1,0,0,
PV Tambe,2013-2016,33,33,110.0,0,853,28,4/20,30.46,7.75,23.5,1,0,
DB Ravi Teja,2008-2013,32,2,3.0,0,28,1,1/19,28,9.33,18,0,0,
Shivam Mavi,2018-2022,32,32,108.1,2,942,30,4/21,31.4,8.7,21.6,1,0,
ML Hayden,2008-2010,32,-,-,-,-,-,-,-,-,-,-,-,
AR Sharma,2024-2026,32,-,-,-,-,-,-,-,-,-,-,-,
A Ashish Reddy,2012-2016,31,20,43.4,0,396,18,3/25,22,9.06,14.5,0,0,
Mohsin Khan,2022-2026,31,30,109.0,5,917,38,5/23,24.13,8.41,17.2,1,1,
SE Rutherford,2019-2026,31,6,6.5,0,59,1,1/6,59,8.63,41,0,0,
MV Boucher,2008-2011,31,-,-,-,-,-,-,-,-,-,-,-,
DB Das,2008-2013,31,-,-,-,-,-,-,-,-,-,-,-,
SP Goswami,2008-2020,31,-,-,-,-,-,-,-,-,-,-,-,
CJ Anderson,2014-2018,30,22,49.3,0,518,11,2/18,47.09,10.46,27,0,0,
ST Jayasuriya,2008-2010,30,21,49.0,1,390,13,3/14,30,7.95,22.6,0,0,
AJ Tye,2017-2022,30,30,114.0,0,979,42,5/17,23.3,8.58,16.2,3,1,
P Arya,2025-2026,30,-,-,-,-,-,-,-,-,-,-,-,
SW Billings,2016-2022,30,-,-,-,-,-,-,-,-,-,-,-,
CA Pujara,2010-2014,30,-,-,-,-,-,-,-,-,-,-,-,
AL Menaria,2011-2013,29,12,18.2,0,144,3,2/20,48,7.85,36.6,0,0,
DP Nannes,2009-2013,29,29,107.3,1,785,28,3/27,28.03,7.3,23,0,0,
AS Rajpoot,2013-2020,29,29,88.1,1,814,24,5/14,33.91,9.23,22,0,1,
JD Ryder,2009-2012,29,16,39.2,1,303,8,2/14,37.87,7.7,29.5,0,0,
LMP Simmons,2014-2017,29,1,3.0,0,34,1,1/34,34,11.33,18,0,0,
RN ten Doeschate,2011-2015,29,10,13.0,0,94,2,1/7,47,7.23,39,0,0,
DP Conway,2022-2025,29,-,-,-,-,-,-,-,-,-,-,-,
M Kaif,2008-2012,29,-,-,-,-,-,-,-,-,-,-,-,
GC Smith,2008-2011,29,-,-,-,-,-,-,-,-,-,-,-,
WG Jacks,2024-2026,28,19,31.5,0,314,10,2/14,31.4,9.86,19.1,0,0,
L Ngidi,2018-2026,28,27,103.2,2,869,42,4/10,20.69,8.4,14.7,1,0,
R Sai Kishore,2022-2026,28,27,77.3,0,697,33,4/33,21.12,8.99,14,1,0,
Arshad Khan,2023-2026,27,25,62.4,0,693,18,3/22,38.5,11.05,20.8,0,0,
DE Bollinger,2010-2012,27,27,96.0,3,693,37,4/13,18.72,7.21,15.5,1,0,
D Brevis,2022-2026,27,1,0.3,0,8,1,1/8,8,16,3,0,0,
Harmeet Singh,2009-2013,27,27,87.3,0,697,26,3/24,26.8,7.96,20.1,0,0,
RR Powar,2008-2012,27,26,71.0,0,527,13,2/11,40.53,7.42,32.7,0,0,
Lalit Yadav,2021-2024,27,19,48.0,0,425,10,2/11,42.5,8.85,28.8,0,0,
E Lewis,2018-2022,27,-,-,-,-,-,-,-,-,-,-,-,
A Manohar,2022-2025,27,-,-,-,-,-,-,-,-,-,-,-,
Y Nagar,2009-2012,26,8,11.0,0,125,4,2/20,31.25,11.36,16.5,0,0,
AS Roy,2019-2026,26,22,53.5,0,479,15,2/19,31.93,8.89,21.5,0,0,
Umran Malik,2021-2024,26,26,82.1,1,772,29,5/25,26.62,9.39,17,1,1,
V Vyshak,2023-2026,26,25,86.3,0,906,26,3/20,34.84,10.47,19.9,0,0,
RD Rickelton,2025-2026,26,-,-,-,-,-,-,-,-,-,-,-,
Basil Thampi,2017-2022,25,25,86.5,1,846,22,3/29,38.45,9.74,23.6,0,0,
KK Cooper,2012-2014,25,25,96.0,1,757,33,4/26,22.93,7.88,17.4,1,0,
C de Grandhomme,2017-2019,25,19,36.0,0,319,6,3/4,53.16,8.86,36,0,0,
A Kamboj,2024-2026,25,25,81.5,0,816,31,3/13,26.32,9.97,15.8,0,0,
IC Pandey,2013-2015,25,24,77.0,4,591,18,2/23,32.83,7.67,25.6,0,0,
Rasikh Salam,2019-2026,25,25,81.2,1,814,29,4/24,28.06,10,16.8,1,0,
DH Yagnik,2011-2014,25,-,-,-,-,-,-,-,-,-,-,-,
RS Bopara,2009-2015,24,14,34.2,0,292,11,3/31,26.54,8.5,18.7,0,0,
Mohammad Nabi,2017-2024,24,23,69.3,0,517,15,4/11,34.46,7.43,27.8,1,0,
Mukesh Choudhary,2022-2026,24,24,80.3,0,771,25,4/46,30.84,9.57,19.3,1,0,
BB Sran,2015-2019,24,24,80.3,0,757,18,3/28,42.05,9.4,26.8,0,0,
GH Vihari,2013-2019,24,6,7.0,0,47,1,1/5,47,6.71,42,0,0,
Anuj Rawat,2021-2024,24,-,-,-,-,-,-,-,-,-,-,-,
Sameer Rizvi,2024-2026,24,-,-,-,-,-,-,-,-,-,-,-,
AU Verma,2025-2026,24,-,-,-,-,-,-,-,-,-,-,-,
Anureet Singh,2009-2018,23,22,68.4,0,623,18,3/23,34.61,9.07,22.8,0,0,
Azhar Mahmood,2012-2015,23,23,89.3,0,700,29,3/20,24.13,7.82,18.5,0,0,
B Chipli,2008-2013,23,1,1.0,0,20,0,-,-,20,-,0,0,
DS Rathi,2025-2026,23,23,91.0,0,826,19,2/30,43.47,9.07,28.7,0,0,
A Singh,2009-2012,23,23,78.5,1,620,28,4/19,22.14,7.86,16.8,1,0,
PC Valthaty,2009-2013,23,10,25.1,0,205,7,4/29,29.28,8.14,21.5,1,0,
PK Garg,2020-2023,23,-,-,-,-,-,-,-,-,-,-,-,
OA Shah,2010-2013,23,-,-,-,-,-,-,-,-,-,-,-,
V Sooryavanshi,2025-2026,23,-,-,-,-,-,-,-,-,-,-,-,
Ankit Sharma,2012-2018,22,21,61.1,0,450,12,2/20,37.5,7.35,30.5,0,0,
K Goel,2008-2010,22,6,11.0,0,93,0,-,-,8.45,-,0,0,
AS Joseph,2019-2024,22,22,72.2,1,691,21,6/12,32.9,9.55,20.6,0,1,
E Malinga,2025-2026,22,22,81.0,0,745,33,4/32,22.57,9.19,14.7,1,0,
AS Raut,2009-2011,22,5,5.0,0,44,0,-,-,8.8,-,0,0,
DJG Sammy,2013-2015,22,19,39.2,0,350,11,4/22,31.81,8.89,21.4,1,0,
J Suchith,2015-2022,22,21,70.0,0,602,19,2/12,31.68,8.6,22.1,0,0,
Yash Thakur,2023-2026,22,22,77.5,1,825,27,5/30,30.55,10.59,17.2,1,1,
A Zampa,2016-2025,22,22,77.5,0,652,31,6/19,21.03,8.37,15,0,1,
RR Rossouw,2014-2024,22,-,-,-,-,-,-,-,-,-,-,-,
S Sohal,2008-2011,22,-,-,-,-,-,-,-,-,-,-,-,
BCJ Cutting,2014-2019,21,17,46.5,0,429,10,2/20,42.9,9.16,28.1,0,0,
GB Hogg,2012-2016,21,21,76.2,1,570,23,4/29,24.78,7.46,19.9,1,0,
JR Hopes,2008-2011,21,20,60.0,0,548,14,2/2,39.14,9.13,25.7,0,0,
AA Jhunjhunwala,2010-2012,21,10,14.1,0,129,1,1/13,129,9.1,85,0,0,
SW Tait,2010-2013,21,21,78.5,1,635,23,3/13,27.6,8.05,20.5,0,0,
RE van der Merwe,2009-2013,21,21,73.5,1,498,21,3/20,23.71,6.74,21,0,0,
CR Woakes,2017-2021,21,21,73.2,0,658,30,3/6,21.93,8.97,14.6,0,0,
UBT Chand,2011-2016,21,-,-,-,-,-,-,-,-,-,-,-,
JJ Roy,2017-2023,21,-,-,-,-,-,-,-,-,-,-,-,
PVD Chameera,2022-2026,20,19,64.0,0,621,13,2/17,47.76,9.7,29.5,0,0,
JEC Franklin,2011-2012,20,15,25.1,0,220,9,2/18,24.44,8.74,16.7,0,0,
MF Maharoof,2008-2010,20,20,70.0,0,520,27,3/34,19.25,7.42,15.5,0,0,
Mujeeb Ur Rahman,2018-2025,20,20,74.2,0,620,20,3/27,31,8.34,22.3,0,0,
Prince Yadav,2025-2026,20,20,74.5,0,684,19,3/32,36,9.14,23.6,0,0,
Sachin Baby,2013-2025,20,2,1.4,0,8,2,2/4,4,4.8,5,0,0,
C Sakariya,2021-2025,20,20,74.0,1,638,20,3/31,31.9,8.62,22.2,0,0,
J Yadav,2015-2023,20,20,65.0,0,445,8,1/8,55.62,6.84,48.7,0,0,
S Anirudha,2008-2014,20,-,-,-,-,-,-,-,-,-,-,-,
SA Asnodkar,2008-2011,20,-,-,-,-,-,-,-,-,-,-,-,
SB Dubey,2024-2026,20,-,-,-,-,-,-,-,-,-,-,-,
VVS Laxman,2008-2011,20,-,-,-,-,-,-,-,-,-,-,-,
Azmatullah Omarzai,2024-2026,19,18,59.0,0,568,15,2/27,37.86,9.62,23.6,0,0,
N Burger,2024-2026,19,18,60.3,0,585,21,2/21,27.85,9.66,17.2,0,0,
V Nigam,2025-2026,19,18,48.0,0,469,13,2/18,36.07,9.77,22.1,0,0,
VRV Singh,2008-2010,19,18,60.0,0,542,12,3/29,45.16,9.03,30,0,0,
Rahmanullah Gurbaz,2023-2025,19,-,-,-,-,-,-,-,-,-,-,-,
D Ferreira,2024-2026,18,3,3.0,0,41,1,1/14,41,13.66,18,0,0,
R McLaren,2010-2013,18,18,59.0,0,542,12,2/28,45.16,9.18,29.5,0,0,
VY Mahesh,2008-2012,18,17,56.3,0,499,21,4/36,23.76,8.83,16.1,1,0,
RP Meredith,2021-2023,18,18,64.4,0,612,19,2/24,32.21,9.46,20.4,0,0,
Naveen-ul-Haq,2023-2024,18,17,64.3,0,591,25,4/38,23.64,9.16,15.4,1,0,
JDP Oram,2008-2013,18,14,39.3,0,349,9,3/32,38.77,8.83,26.3,0,0,
R Ravindra,2024-2025,18,2,2.0,0,7,0,-,-,3.5,-,0,0,
D Wiese,2015-2023,18,15,49.2,0,440,16,4/33,27.5,8.91,18.5,1,0,
MD Mishra,2010-2012,18,-,-,-,-,-,-,-,-,-,-,-,
M Rawat,2008-2013,18,-,-,-,-,-,-,-,-,-,-,-,
AN Ahmed,2010-2015,17,17,57.2,1,498,12,2/13,41.5,8.68,28.6,0,0,
JP Behrendorff,2019-2023,17,17,61.0,0,552,19,3/23,29.05,9.04,19.2,0,0,
BA Bhatt,2011-2013,17,15,49.2,0,397,12,4/22,33.08,8.04,24.6,1,0,
NT Ellis,2021-2025,17,17,63.0,0,546,19,4/30,28.73,8.66,19.8,1,0,
BW Hilfenhaus,2012-2014,17,17,62.0,2,479,22,3/27,21.77,7.72,16.9,0,0,
A Madhwal,2023-2025,17,17,58.4,0,590,23,5/5,25.65,10.05,15.3,1,1,
Pankaj Singh,2008-2012,17,17,50.0,1,468,11,2/18,42.54,9.36,27.2,0,0,
KB Arun Karthik,2010-2013,17,-,-,-,-,-,-,-,-,-,-,-,
LA Pomersbach,2008-2013,17,-,-,-,-,-,-,-,-,-,-,-,
CR Brathwaite,2016-2019,16,16,42.2,0,379,13,3/47,29.15,8.95,19.5,0,0,
Joginder Sharma,2008-2011,16,15,42.4,0,419,12,2/27,34.91,9.82,21.3,0,0,
K Kartikeya,2022-2025,16,16,47.0,0,407,12,2/22,33.91,8.65,23.5,0,0,
A Mithun,2009-2013,16,16,48.0,0,472,7,2/37,67.42,9.83,41.1,0,0,
DR Sams,2020-2022,16,16,60.0,0,523,14,4/30,37.35,8.71,25.7,1,0,
HM Amla,2016-2017,16,-,-,-,-,-,-,-,-,-,-,-,
JP Inglis,2025-2026,16,-,-,-,-,-,-,-,-,-,-,-,
PR Shah,2008-2011,16,-,-,-,-,-,-,-,-,-,-,-,
YV Takawale,2008-2014,16,-,-,-,-,-,-,-,-,-,-,-,
B Akhil,2008-2011,15,13,31.2,0,242,6,2/17,40.33,7.72,31.3,0,0,
KA Jamieson,2021-2026,15,15,50.0,1,506,16,3/41,31.62,10.12,18.7,0,0,
DJ Mitchell,2022-2024,15,4,8.0,0,97,1,1/18,97,12.12,48,0,0,
KW Richardson,2013-2021,15,15,55.5,0,472,19,3/13,24.84,8.45,17.6,0,0,
MN Samuels,2012-2017,15,11,35.4,0,284,9,3/39,31.55,7.96,23.7,0,0,
AC Thomas,2011-2012,15,15,52.3,2,406,14,3/22,29,7.73,22.5,0,0,
J Fraser-McGurk,2024-2025,15,-,-,-,-,-,-,-,-,-,-,-,
CA Ingram,2011-2019,15,-,-,-,-,-,-,-,-,-,-,-,
MS Wade,2011-2024,15,-,-,-,-,-,-,-,-,-,-,-,
Akash Deep,2022-2025,14,14,46.2,1,548,10,3/45,54.8,11.82,27.8,0,0,
KP Appanna,2009-2012,14,13,36.0,0,286,9,4/19,31.77,7.94,24,1,0,
G Coetzee,2024-2025,14,14,45.3,0,472,15,4/34,31.46,10.37,18.2,1,0,
GD McGrath,2008-2008,14,14,54.0,2,357,12,4/29,29.75,6.61,27,1,0,
JDS Neesham,2014-2022,14,13,36.0,0,334,8,3/12,41.75,9.27,27,0,0,
GD Phillips,2021-2026,14,4,5.0,0,40,2,1/10,20,8,15,0,0,
Simarjeet Singh,2022-2025,14,14,40.0,0,400,11,3/26,36.36,10,21.8,0,0,
SJ Srivastava,2010-2011,14,14,47.0,0,441,14,2/20,31.5,9.38,20.1,0,0,
Swapnil Singh,2016-2024,14,14,27.0,0,241,7,2/28,34.42,8.92,23.1,0,0,
S Tyagi,2009-2010,14,14,34.5,0,295,6,2/18,49.16,8.46,34.8,0,0,
AD Nath,2016-2019,14,-,-,-,-,-,-,-,-,-,-,-,
S Arora,2026-2026,14,-,-,-,-,-,-,-,-,-,-,-,
CPL Connolly,2026-2026,14,-,-,-,-,-,-,-,-,-,-,-,
XC Bartlett,2025-2026,13,13,43.3,0,484,7,2/9,69.14,11.12,37.2,0,0,
Brijesh Sharma,2026-2026,13,13,45.3,0,450,14,2/18,32.14,9.89,19.5,0,0,
AA Chavan,2011-2013,13,13,41.2,0,326,8,2/23,40.75,7.88,31,0,0,
TK Curran,2018-2021,13,13,39.4,0,430,13,3/29,33.07,10.84,18.3,0,0,
RV Gomez,2011-2013,13,9,16.0,1,129,5,2/14,25.8,8.06,19.2,0,0,
VS Malik,2009-2014,13,13,34.1,0,261,6,2/14,43.5,7.63,34.1,0,0,
AD Mascarenhas,2008-2013,13,13,51.2,1,356,19,5/25,18.73,6.93,16.2,0,1,
KR Mayers,2023-2023,13,6,7.0,0,59,0,-,-,8.42,-,0,0,
C Munro,2016-2019,13,2,2.0,0,15,0,-,-,7.5,-,0,0,
J Overton,2025-2026,13,13,34.0,0,332,14,4/18,23.71,9.76,14.5,1,0,
SM Pollock,2008-2008,13,13,46.0,1,301,11,3/12,27.36,6.54,25,0,0,
Shivang Kumar,2026-2026,13,13,39.0,0,375,9,3/33,41.66,9.61,26,0,0,
HR Shokeen,2022-2023,13,13,34.0,0,314,5,2/34,62.8,9.23,40.8,0,0,
WPUJC Vaas,2008-2010,13,13,47.0,2,355,18,3/21,19.72,7.55,15.6,0,0,
P Dogra,2010-2013,13,-,-,-,-,-,-,-,-,-,-,-,
CM Gautam,2013-2015,13,-,-,-,-,-,-,-,-,-,-,-,
MJ Guptill,2016-2019,13,-,-,-,-,-,-,-,-,-,-,-,
N Jagadeesan,2020-2023,13,-,-,-,-,-,-,-,-,-,-,-,
A Mhatre,2025-2026,13,-,-,-,-,-,-,-,-,-,-,-,
PBB Rajapaksa,2022-2023,13,-,-,-,-,-,-,-,-,-,-,-,
Akash Singh,2021-2026,12,12,41.1,0,406,13,3/26,31.23,9.86,19,0,0,
Aman Hakim Khan,2022-2023,12,1,1.0,0,13,0,-,-,13,-,0,0,
S Badree,2013-2017,12,12,43.0,1,319,11,4/9,29,7.41,23.4,1,0,
SB Bangar,2008-2009,12,9,25.0,0,219,4,2/34,54.75,8.76,37.5,0,0,
A Chandila,2012-2013,12,12,39.0,0,242,11,4/13,22,6.2,21.2,1,0,
FY Fazal,2010-2011,12,2,2.0,0,20,0,-,-,10,-,0,0,
Fazalhaq Farooqi,2022-2025,12,12,42.2,0,437,6,2/32,72.83,10.32,42.3,0,0,
SH Johnson,2024-2026,12,12,38.2,0,396,7,2/25,56.57,10.33,32.8,0,0,
WA Mota,2008-2009,12,7,12.0,0,97,4,1/6,24.25,8.08,18,0,0,
AG Murtaza,2010-2013,12,12,44.0,0,313,9,3/15,34.77,7.11,29.3,0,0,
KL Nagarkoti,2020-2022,12,11,30.0,0,285,5,2/13,57,9.5,36,0,0,
R Rampaul,2013-2014,12,12,43.4,4,298,14,3/31,21.28,6.82,18.7,0,0,
KR Sen,2022-2024,12,12,40.1,0,387,14,4/20,27.64,9.63,17.2,1,0,
SB Styris,2008-2011,12,11,36.0,0,276,8,3/32,34.5,7.66,27,0,0,
Suryansh Shedge,2025-2026,12,1,3.0,0,40,0,-,-,13.33,-,0,0,
MJ Lumb,2010-2011,12,-,-,-,-,-,-,-,-,-,-,-,
PA Reddy,2012-2013,12,-,-,-,-,-,-,-,-,-,-,-,
YA Abdulla,2009-2010,11,11,34.5,1,307,15,4/31,20.46,8.81,13.9,2,0,
KC Cariappa,2015-2019,11,11,36.0,0,348,8,2/16,43.5,9.66,27,0,0,
SD Chitnis,2008-2012,11,2,6.0,0,60,2,2/40,30,10,18,0,0,
HS Dubey,2025-2026,11,11,32.0,0,326,13,3/12,25.07,10.18,14.7,0,0,
AM Ghazanfar,2026-2026,11,11,38.5,0,389,15,2/17,25.93,10.01,15.5,0,0,
JB Little,2023-2024,11,11,38.0,0,339,11,4/45,30.81,8.92,20.7,1,0,
AB McDonald,2009-2013,11,10,31.0,0,261,11,2/25,23.72,8.41,16.9,0,0,
AF Milne,2016-2026,11,11,37.5,0,368,7,2/21,52.57,9.72,32.4,0,0,
Parvez Rasool,2013-2016,11,11,33.0,0,271,4,1/20,67.75,8.21,49.5,0,0,
S Rana,2011-2014,11,3,2.4,0,18,0,-,-,6.75,-,0,0,
Sakib Hussain,2026-2026,11,11,42.0,0,397,15,4/24,26.46,9.45,16.8,1,0,
Sohail Tanvir,2008-2008,11,11,41.1,0,266,22,6/14,12.09,6.46,11.2,1,1,
J Syed Mohammad,2011-2013,11,11,32.0,0,283,8,2/15,35.37,8.84,24,0,0,
DJ Willey,2018-2023,11,11,36.0,1,272,6,2/16,45.33,7.55,36,0,0,
FH Allen,2026-2026,11,-,-,-,-,-,-,-,-,-,-,-,
HC Brook,2023-2023,11,-,-,-,-,-,-,-,-,-,-,-,
Kartik Sharma,2026-2026,11,-,-,-,-,-,-,-,-,-,-,-,
SM Katich,2008-2009,11,-,-,-,-,-,-,-,-,-,-,-,
SS Prabhudessai,2022-2024,11,-,-,-,-,-,-,-,-,-,-,-,
Ashwani Kumar,2025-2026,10,10,30.3,0,334,17,4/24,19.64,10.95,10.7,2,0,
CRD Fernando,2008-2010,10,10,39.0,0,294,17,4/18,17.29,7.53,13.7,1,0,
S Kaushik,2016-2017,10,10,34.0,0,297,6,3/20,49.5,8.73,34,0,0,
BAW Mendis,2008-2013,10,10,40.0,0,285,8,2/19,35.62,7.12,30,0,0,
TS Mills,2017-2022,10,10,34.5,0,343,11,3/35,31.18,9.84,19,0,0,
JL Pattinson,2020-2020,10,10,35.3,0,320,11,2/19,29.09,9.01,19.3,0,0,
RR Raje,2008-2009,10,10,23.1,0,209,6,2/16,34.83,9.02,23.1,0,0,
S Sandeep Warrier,2019-2024,10,10,28.0,0,253,8,3/15,31.62,9.03,21,0,0,
Shahid Afridi,2008-2008,10,10,30.0,0,225,9,3/28,25,7.5,20,0,0,
MD Shanaka,2023-2026,10,3,6.0,0,60,1,1/29,60,10,36,0,0,
A Taide,2023-2025,10,1,0.1,0,4,0,-,-,24,-,0,0,
J Theron,2010-2015,10,10,36.0,0,293,9,2/17,32.55,8.13,24,0,0,
I Udana,2020-2020,10,10,29.0,0,282,8,2/41,35.25,9.72,21.7,0,0,
MP Yadav,2024-2026,10,10,36.1,0,367,9,3/14,40.77,10.14,24.1,0,0,
Zeeshan Ansari,2025-2025,10,10,33.5,0,333,6,3/42,55.5,9.84,33.8,0,0,
KS Bharat,2021-2022,10,-,-,-,-,-,-,-,-,-,-,-,
MD Choudhary,2026-2026,10,-,-,-,-,-,-,-,-,-,-,-,
SP Fleming,2008-2008,10,-,-,-,-,-,-,-,-,-,-,-,
P Nissanka,2026-2026,10,-,-,-,-,-,-,-,-,-,-,-,
UM Patel,2025-2026,10,-,-,-,-,-,-,-,-,-,-,-,
RT Ponting,2008-2013,10,-,-,-,-,-,-,-,-,-,-,-,
N Saini,2012-2012,10,-,-,-,-,-,-,-,-,-,-,-,
S Ladda,2010-2016,9,9,23.0,0,224,5,2/44,44.8,9.73,27.6,0,0,
C Bosch,2025-2026,9,8,27.1,1,250,13,4/26,19.23,9.2,12.5,1,0,
MJ Henry,2017-2026,9,9,27.0,0,311,4,2/54,77.75,11.51,40.5,0,0,
Kamran Khan,2009-2011,9,9,26.4,0,224,9,3/18,24.88,8.4,17.7,0,0,
Karanveer Singh,2014-2015,9,9,34.0,0,321,12,4/54,26.75,9.44,17,1,0,
K Khejroliya,2018-2026,9,9,25.1,0,277,6,2/33,46.16,11,25.1,0,0,
S Lamichhane,2018-2019,9,9,35.0,0,292,13,3/36,22.46,8.34,16.1,0,0,
B Laughlin,2013-2018,9,9,27.5,0,282,10,2/15,28.2,10.13,16.7,0,0,
M Ntini,2008-2008,9,9,35.0,2,242,7,4/21,34.57,6.91,30,1,0,
RV Patel,2021-2023,9,1,3.0,0,22,0,-,-,7.33,-,0,0,
V Pratap Singh,2012-2012,9,9,34.0,0,296,10,2/31,29.6,8.7,20.4,0,0,
MW Short,2023-2026,9,5,7.1,0,64,0,-,-,8.93,-,0,0,
M Siddharth,2024-2026,9,9,31.0,0,283,9,2/35,31.44,9.12,20.6,0,0,
Sikandar Raza,2023-2024,9,7,14.0,0,141,3,1/19,47,10.07,28,0,0,
S Vidyut,2008-2008,9,1,2.0,0,22,1,1/22,22,11,12,0,0,
DP Vijaykumar,2008-2008,9,9,25.2,0,199,4,1/17,49.75,7.85,38,0,0,
AC Voges,2010-2010,9,7,9.0,0,76,0,-,-,8.44,-,0,0,
Yudhvir Singh,2023-2025,9,9,23.0,0,253,8,3/47,31.62,11,17.2,0,0,
Anmolpreet Singh,2021-2024,9,-,-,-,-,-,-,-,-,-,-,-,
JG Bethell,2025-2026,9,-,-,-,-,-,-,-,-,-,-,-,
CJ Ferguson,2011-2012,9,-,-,-,-,-,-,-,-,-,-,-,
Harpreet Singh,2010-2024,9,-,-,-,-,-,-,-,-,-,-,-,
Himmat Singh,2025-2026,9,-,-,-,-,-,-,-,-,-,-,-,
SD Hope,2024-2024,9,-,-,-,-,-,-,-,-,-,-,-,
SP Jackson,2017-2022,9,-,-,-,-,-,-,-,-,-,-,-,
NK Patel,2008-2009,9,-,-,-,-,-,-,-,-,-,-,-,
BB Samantray,2012-2013,9,-,-,-,-,-,-,-,-,-,-,-,
Anand Rajan,2011-2013,8,8,24.5,0,201,8,3/27,25.12,8.09,18.6,0,0,
RA Bawa,2022-2026,8,2,4.0,0,50,2,1/11,25,12.5,12,0,0,
SE Bond,2010-2010,8,8,31.0,1,224,9,2/24,24.88,7.22,20.6,0,0,
PD Collingwood,2010-2010,8,6,14.5,0,101,5,2/19,20.2,6.8,17.8,0,0,
MJ Dagar,2023-2024,8,8,22.5,0,203,2,1/23,101.5,8.89,68.5,0,0,
Gurjapneet Singh,2026-2026,8,8,25.1,0,233,4,1/7,58.25,9.25,37.7,0,0,
HF Gurney,2019-2019,8,8,27.0,0,238,7,2/25,34,8.81,23.1,0,0,
AJ Hosein,2023-2026,8,8,28.4,1,238,9,4/17,26.44,8.3,19.1,1,0,
Jaskaran Singh,2009-2010,8,7,17.0,0,171,6,2/18,28.5,10.05,17,0,0,
S Randiv,2011-2011,8,8,29.0,0,223,6,2/24,37.16,7.68,29,0,0,
OC McCoy,2022-2023,8,8,26.5,0,250,11,3/23,22.72,9.31,14.6,0,0,
Mohammad Asif,2008-2008,8,8,32.0,0,296,8,2/19,37,9.25,24,0,0,
Mohammad Hafeez,2008-2008,8,4,10.0,0,68,2,1/8,34,6.8,30,0,0,
P Parameswaran,2011-2012,8,8,25.4,0,224,9,3/30,24.88,8.72,17.1,0,0,
AUK Pathan,2011-2012,8,3,6.3,0,63,0,-,-,9.69,-,0,0,
KMA Paul,2019-2019,8,8,27.1,0,237,9,3/17,26.33,8.72,18.1,0,0,
BJ Rohrer,2013-2013,8,1,1.0,0,12,0,-,-,12,-,0,0,
SMSM Senanayake,2013-2013,8,8,32.0,1,209,9,2/26,23.22,6.53,21.3,0,0,
Shoaib Ahmed,2009-2009,8,7,17.0,0,152,5,2/20,30.4,8.94,20.4,0,0,
IS Sodhi,2018-2019,8,8,30.1,1,202,9,3/26,22.44,6.69,20.1,0,0,
N Thushara,2024-2025,8,8,30.0,0,283,9,3/28,31.44,9.43,20,0,0,
SB Wagh,2010-2011,8,8,17.0,0,137,5,3/16,27.4,8.05,20.4,0,0,
Yash Raj Punja,2026-2026,8,8,30.0,0,279,9,2/35,31,9.3,20,0,0,
W Jaffer,2008-2009,8,-,-,-,-,-,-,-,-,-,-,-,
Misbah-ul-Haq,2008-2008,8,-,-,-,-,-,-,-,-,-,-,-,
N Sindhu,2026-2026,8,-,-,-,-,-,-,-,-,-,-,-,
AS Yadav,2008-2008,8,-,-,-,-,-,-,-,-,-,-,-,
Yashpal Singh,2009-2009,8,-,-,-,-,-,-,-,-,-,-,-,
Ankit Soni,2017-2017,7,6,18.1,0,144,2,1/16,72,7.92,54.5,0,0,
KM Asif,2018-2023,7,7,22.1,0,231,7,2/42,33,10.42,19,0,0,
BE Hendricks,2014-2015,7,7,25.0,0,235,9,3/36,26.11,9.4,16.6,0,0,
PP Hinge,2026-2026,7,7,26.0,0,305,14,4/34,21.78,11.73,11.1,1,0,
CK Langeveldt,2009-2011,7,7,26.0,0,187,13,3/15,14.38,7.19,12,0,0,
S Narwal,2010-2013,7,6,17.4,0,202,5,3/36,40.4,11.43,21.2,0,0,
LE Plunkett,2018-2018,7,7,25.0,0,225,4,3/17,56.25,9,37.5,0,0,
D Pretorius,2022-2023,7,7,25.0,0,238,6,2/30,39.66,9.52,25,0,0,
AM Salvi,2009-2011,7,7,25.0,0,200,7,2/19,28.57,8,21.4,0,0,
Shoaib Malik,2008-2008,7,5,8.3,0,85,2,1/6,42.5,10,25.5,0,0,
DJM Short,2018-2018,7,2,3.0,0,19,1,1/10,19,6.33,18,0,0,
R Shukla,2012-2014,7,7,20.0,0,208,5,2/28,41.6,10.4,24,0,0,
LJ Wright,2012-2013,7,6,11.5,0,124,2,1/12,62,10.47,35.5,0,0,
AA Bilakhia,2009-2010,7,-,-,-,-,-,-,-,-,-,-,-,
AC Blizzard,2011-2012,7,-,-,-,-,-,-,-,-,-,-,-,
A Chopra,2008-2009,7,-,-,-,-,-,-,-,-,-,-,-,
DJ Jacobs,2011-2012,7,-,-,-,-,-,-,-,-,-,-,-,
IR Jaggi,2011-2017,7,-,-,-,-,-,-,-,-,-,-,-,
MC Juneja,2013-2013,7,-,-,-,-,-,-,-,-,-,-,-,
RJ Quiney,2009-2009,7,-,-,-,-,-,-,-,-,-,-,-,
Salman Butt,2008-2008,7,-,-,-,-,-,-,-,-,-,-,-,
TM Srivastava,2008-2009,7,-,-,-,-,-,-,-,-,-,-,-,
Vishnu Vinod,2017-2026,7,-,-,-,-,-,-,-,-,-,-,-,
P Amarnath,2008-2008,6,6,22.0,0,236,7,2/29,33.71,10.72,18.8,0,0,
Ashok Sharma,2026-2026,6,6,21.0,0,228,6,2/32,38,10.85,21,0,0,
MJ Clarke,2012-2012,6,5,11.0,0,67,2,1/12,33.5,6.09,33,0,0,
SS Cottrell,2020-2020,6,6,20.0,1,176,6,2/17,29.33,8.8,20,0,0,
JA Duffy,2026-2026,6,6,24.0,0,263,9,3/22,29.22,10.95,16,0,0,
FH Edwards,2009-2009,6,6,23.2,1,154,5,2/27,30.8,6.6,28,0,0,
KMDN Kulasekara,2011-2012,6,5,17.0,0,120,5,2/10,24,7.05,20.4,0,0,
DJ Muthuswami,2015-2015,6,6,14.0,0,101,4,2/18,25.25,7.21,21,0,0,
DG Nalkande,2022-2024,6,6,14.0,0,148,6,2/21,24.66,10.57,14,0,0,
D Salunkhe,2008-2008,6,5,8.0,0,78,1,1/21,78,9.75,48,0,0,
RS Sharma,2026-2026,6,5,15.0,0,130,1,1/36,130,8.66,90,0,0,
OF Smith,2022-2022,6,6,15.0,0,178,6,4/30,29.66,11.86,15,1,0,
B Stanlake,2017-2018,6,6,24.0,0,200,7,2/21,28.57,8.33,20.5,0,0,
AS Tendulkar,2023-2026,6,6,16.1,0,150,4,1/9,37.5,9.27,24.2,0,0,
DJ Thornely,2008-2008,6,4,7.0,0,40,3,2/7,13.33,5.71,14,0,0,
T Thushara,2009-2010,6,6,22.3,0,161,8,2/16,20.12,7.15,16.8,0,0,
RJW Topley,2023-2025,6,6,20.0,0,222,5,2/27,44.4,11.1,24,0,0,
Umar Gul,2008-2008,6,6,22.3,1,184,12,4/23,15.33,8.17,11.2,1,0,
PR Veer,2026-2026,6,1,2.0,0,25,0,-,-,12.5,-,0,0,
GC Viljoen,2019-2019,6,6,23.0,0,222,7,2/39,31.71,9.65,19.7,0,0,
AD Hales,2018-2018,6,-,-,-,-,-,-,-,-,-,-,-,
Kamran Akmal,2008-2008,6,-,-,-,-,-,-,-,-,-,-,-,
UT Khawaja,2016-2016,6,-,-,-,-,-,-,-,-,-,-,-,
RE Levi,2012-2012,6,-,-,-,-,-,-,-,-,-,-,-,
PN Mankad,2022-2023,6,-,-,-,-,-,-,-,-,-,-,-,
Sanvir Singh,2023-2024,6,-,-,-,-,-,-,-,-,-,-,-,
TL Seifert,2021-2026,6,-,-,-,-,-,-,-,-,-,-,-,
R Smaran,2026-2026,6,-,-,-,-,-,-,-,-,-,-,-,
Sunny Singh,2011-2011,6,-,-,-,-,-,-,-,-,-,-,-,
AJ Turner,2019-2024,6,-,-,-,-,-,-,-,-,-,-,-,
KJ Abbott,2016-2016,5,5,16.0,0,177,2,1/38,88.5,11.06,48,0,0,
FA Allen,2021-2022,5,4,15.0,1,136,2,1/22,68,9.06,45,0,0,
Auqib Nabi,2026-2026,5,5,13.0,0,149,0,-,-,11.46,-,0,0,
MG Bracewell,2023-2023,5,5,11.0,0,95,6,2/13,15.83,8.63,11,0,0,
LA Carseldine,2009-2009,5,1,1.0,0,6,1,1/6,6,6,6,0,0,
A Choudhary,2017-2017,5,5,16.5,2,144,5,2/17,28.8,8.55,20.2,0,0,
M de Lange,2012-2015,5,5,18.0,1,169,5,3/34,33.8,9.38,21.6,0,0,
P Dubey,2020-2025,5,5,13.0,0,111,2,1/19,55.5,8.53,39,0,0,
GHS Garton,2021-2021,5,5,15.0,0,135,3,1/27,45,9,30,0,0,
CK Kapugedera,2008-2008,5,3,2.5,0,49,0,-,-,17.29,-,0,0,
JM Kemp,2010-2010,5,5,7.2,0,54,3,3/12,18,7.36,14.6,0,0,
PHKD Mendis,2025-2025,5,4,7.0,0,60,2,1/4,30,8.57,21,0,0,
RJ Peterson,2012-2012,5,4,8.0,0,70,3,3/37,23.33,8.75,16,0,0,
V Puthur,2025-2025,5,5,12.0,0,109,6,3/32,18.16,9.08,12,0,0,
P Sahu,2016-2016,5,5,17.3,0,146,3,2/18,48.66,8.34,35,0,0,
T Shamsi,2016-2021,5,5,20.0,0,181,3,1/21,60.33,9.05,40,0,0,
Shivam Sharma,2014-2015,5,5,19.0,0,165,4,2/26,41.25,8.68,28.5,0,0,
MJ Suthar,2024-2026,5,4,8.0,0,94,2,1/19,47,11.75,24,0,0,
P Suyal,2013-2015,5,5,16.0,0,151,2,1/21,75.5,9.43,48,0,0,
JE Taylor,2011-2011,5,5,19.3,0,157,6,3/30,26.16,8.05,19.5,0,0,
MA Wood,2018-2023,5,5,20.0,1,179,11,5/14,16.27,8.95,10.9,0,1,
Anirudh Singh,2010-2010,5,-,-,-,-,-,-,-,-,-,-,-,
TR Birt,2011-2011,5,-,-,-,-,-,-,-,-,-,-,-,
U Kaul,2008-2008,5,-,-,-,-,-,-,-,-,-,-,-,
K Kushagra,2024-2026,5,-,-,-,-,-,-,-,-,-,-,-,
AG Paunikar,2010-2011,5,-,-,-,-,-,-,-,-,-,-,-,
JR Philippe,2020-2020,5,-,-,-,-,-,-,-,-,-,-,-,
SK Rasheed,2025-2025,5,-,-,-,-,-,-,-,-,-,-,-,
L Ronchi,2008-2009,5,-,-,-,-,-,-,-,-,-,-,-,
B Sumanth,2010-2010,5,-,-,-,-,-,-,-,-,-,-,-,
MN van Wyk,2009-2009,5,-,-,-,-,-,-,-,-,-,-,-,
ND Doshi,2010-2011,4,4,9.2,0,79,2,1/15,39.5,8.46,28,0,0,
SR Dubey,2026-2026,4,4,12.5,0,106,5,2/28,21.2,8.25,15.4,0,0,
Gagandeep Singh,2008-2008,4,4,14.0,0,141,3,1/33,47,10.07,28,0,0,
DJ Harris,2012-2012,4,2,3.0,0,26,0,-,-,8.66,-,0,0,
SB Joshi,2008-2008,4,4,9.1,0,82,1,1/27,82,8.94,55,0,0,
MA Khote,2008-2008,4,2,5.0,0,51,2,2/29,25.5,10.2,15,0,0,
KT Maphaka,2024-2025,4,4,11.0,0,143,2,1/23,71.5,13,33,0,0,
JA Richardson,2021-2024,4,4,15.0,0,157,3,2/41,52.33,10.46,30,0,0,
JPR Scantlebury-Searles,2018-2018,4,3,7.0,0,89,2,1/24,44.5,12.71,21,0,0,
Sumit Kumar,2024-2024,4,2,3.2,0,38,0,-,-,11.4,-,0,0,
O Thomas,2019-2019,4,4,10.0,0,79,5,2/6,15.8,7.9,12,0,0,
M Tiwari,2025-2026,4,3,10.0,0,87,4,2/27,21.75,8.7,15,0,0,
RK Bhui,2018-2024,4,-,-,-,-,-,-,-,-,-,-,-,
YV Dhull,2023-2023,4,-,-,-,-,-,-,-,-,-,-,-,
ER Dwivedi,2016-2016,4,-,-,-,-,-,-,-,-,-,-,-,
M Klinger,2011-2011,4,-,-,-,-,-,-,-,-,-,-,-,
T Kohler-Cadmore,2024-2024,4,-,-,-,-,-,-,-,-,-,-,-,
T Kohli,2008-2009,4,-,-,-,-,-,-,-,-,-,-,-,
AA Kulkarni,2024-2026,4,-,-,-,-,-,-,-,-,-,-,-,
AP Majumdar,2012-2012,4,-,-,-,-,-,-,-,-,-,-,-,
R Minz,2025-2026,4,-,-,-,-,-,-,-,-,-,-,-,
NS Naik,2016-2020,4,-,-,-,-,-,-,-,-,-,-,-,
SU Parakh,2026-2026,4,-,-,-,-,-,-,-,-,-,-,-,
RR Sarwan,2008-2008,4,-,-,-,-,-,-,-,-,-,-,-,
SA Abbott,2015-2022,3,3,9.0,0,104,1,1/47,104,11.55,54,0,0,
Abhinandan Singh,2026-2026,3,3,9.4,0,122,3,2/30,40.66,12.62,19.3,0,0,
L Ablish,2010-2011,3,3,7.0,0,75,3,2/17,25,10.71,14,0,0,
AP Dole,2010-2010,3,3,11.0,0,112,5,2/36,22.4,10.18,13.2,0,0,
A Flintoff,2009-2009,3,3,11.0,0,105,2,1/11,52.5,9.54,33,0,0,
RJ Gleeson,2024-2025,3,3,11.2,0,110,2,1/30,55,9.7,34,0,0,
SM Harwood,2009-2009,3,3,10.0,0,73,3,2/25,24.33,7.3,20,0,0,
JW Hastings,2014-2016,3,3,9.4,1,66,3,2/6,22,6.82,19.3,0,0,
D Kalyankrishna,2008-2008,3,3,8.0,0,87,2,1/30,43.5,10.87,24,0,0,
Krish Bhagat,2026-2026,3,3,6.0,0,63,0,-,-,10.5,-,0,0,
GF Linde,2026-2026,3,3,6.1,0,55,1,1/18,55,8.91,37,0,0,
BMAJ Mendis,2013-2013,3,2,5.0,0,36,1,1/16,36,7.2,30,0,0,
C Nanda,2009-2009,3,3,8.0,0,57,2,1/4,28.5,7.12,24,0,0,
W O'Rourke,2025-2025,3,3,10.2,0,132,6,3/27,22,12.77,10.3,0,0,
AU Rashid,2021-2023,3,3,10.0,0,91,2,2/23,45.5,9.1,30,0,0,
JE Root,2023-2023,3,1,2.0,0,14,0,-,-,7,-,0,0,
GS Sandhu,2015-2015,3,2,8.0,0,82,1,1/33,82,10.25,48,0,0,
Shoaib Akhtar,2008-2008,3,3,7.0,0,54,5,4/11,10.8,7.71,8.4,1,0,
LPC Silva,2008-2008,3,1,1.0,0,21,0,-,-,21,-,0,0,
TP Sudhindra,2012-2012,3,3,11.4,0,136,1,1/46,136,11.65,70,0,0,
K Upadhyay,2012-2013,3,3,9.0,0,81,0,-,-,9,-,0,0,
JJ van der Wath,2011-2011,3,3,12.0,0,129,3,2/49,43,10.75,24,0,0,
Vivrant Sharma,2023-2023,3,2,3.0,0,37,0,-,-,12.33,-,0,0,
V Viyaskanth,2024-2024,3,3,10.0,0,86,1,1/37,86,8.6,60,0,0,
K Yadav,2021-2023,3,3,9.0,0,84,2,1/18,42,9.33,27,0,0,
DNT Zoysa,2008-2008,3,3,11.0,0,99,2,1/30,49.5,9,33,0,0,
Akshat Raghuwanshi,2026-2026,3,-,-,-,-,-,-,-,-,-,-,-,
J Arunkumar,2008-2008,3,-,-,-,-,-,-,-,-,-,-,-,
AB Barath,2010-2010,3,-,-,-,-,-,-,-,-,-,-,-,
F Behardien,2016-2016,3,-,-,-,-,-,-,-,-,-,-,-,
R Bishnoi,2009-2009,3,-,-,-,-,-,-,-,-,-,-,-,
AT Carey,2020-2020,3,-,-,-,-,-,-,-,-,-,-,-,
S Chanderpaul,2008-2008,3,-,-,-,-,-,-,-,-,-,-,-,
SD Chauhan,2024-2024,3,-,-,-,-,-,-,-,-,-,-,-,
BR Dunk,2014-2014,3,-,-,-,-,-,-,-,-,-,-,-,
B Indrajith,2022-2022,3,-,-,-,-,-,-,-,-,-,-,-,
NJ Maddinson,2014-2015,3,-,-,-,-,-,-,-,-,-,-,-,
A Mukund,2008-2013,3,-,-,-,-,-,-,-,-,-,-,-,
LG Pretorius,2025-2026,3,-,-,-,-,-,-,-,-,-,-,-,
KS Sharma,2022-2023,3,-,-,-,-,-,-,-,-,-,-,-,
RS Sodhi,2010-2010,3,-,-,-,-,-,-,-,-,-,-,-,
T Taibu,2008-2008,3,-,-,-,-,-,-,-,-,-,-,-,
HE van der Dussen,2022-2022,3,-,-,-,-,-,-,-,-,-,-,-,
Virat Singh,2021-2021,3,-,-,-,-,-,-,-,-,-,-,-,
VH Zol,2014-2014,3,-,-,-,-,-,-,-,-,-,-,-,
SM Boland,2016-2016,2,2,7.0,0,54,2,2/31,27,7.71,21,0,0,
D du Preez,2009-2009,2,2,7.0,1,56,4,3/32,14,8,10.5,0,0,
RS Gavaskar,2010-2010,2,1,1.0,0,8,0,-,-,8,-,0,0,
B Geeves,2008-2008,2,2,8.0,0,91,1,1/50,91,11.37,48,0,0,
Y Gnaneswara Rao,2011-2011,2,1,1.0,0,7,0,-,-,7,-,0,0,
Gulbadin Naib,2024-2024,2,1,1.0,0,12,0,-,-,12,-,0,0,
RS Hangargekar,2023-2023,2,2,6.0,0,60,3,3/36,20,10,12,0,0,
T Henderson,2009-2009,2,2,6.0,0,40,1,1/30,40,6.66,36,0,0,
SC Kuggeleijn,2019-2019,2,2,8.0,0,71,2,2/37,35.5,8.87,24,0,0,
NL McCullum,2011-2011,2,2,5.0,0,34,0,-,-,6.8,-,0,0,
CJ McKay,2012-2012,2,2,7.0,0,60,1,1/36,60,8.57,42,0,0,
SSB Magala,2023-2023,2,2,6.0,0,51,1,1/37,51,8.5,36,0,0,
KA Maharaj,2024-2024,2,2,6.0,0,39,2,2/23,19.5,6.5,18,0,0,
SS Mishra,2026-2026,2,2,6.2,0,67,2,2/21,33.5,10.57,19,0,0,
RG More,2015-2015,2,2,5.5,0,59,1,1/31,59,10.11,35,0,0,
SZ Mulani,2024-2024,2,2,5.0,0,57,0,-,-,11.4,-,0,0,
B Muzarabani,2026-2026,2,2,7.0,0,75,4,4/41,18.75,10.71,10.5,1,0,
R Ninan,2011-2011,2,2,6.0,0,65,3,2/31,21.66,10.83,12,0,0,
DA Payne,2026-2026,2,2,5.0,0,70,2,2/35,35,14,15,0,0,
Y Prithvi Raj,2019-2019,2,2,5.0,0,57,1,1/29,57,11.4,30,0,0,
PVSN Raju,2025-2025,2,2,4.0,0,53,1,1/40,53,13.25,24,0,0,
KAJ Roach,2010-2010,2,2,8.0,0,80,0,-,-,10,-,0,0,
K Santokie,2014-2014,2,2,8.0,0,90,3,2/50,30,11.25,16,0,0,
SS Sarkar,2009-2009,2,2,4.1,0,34,1,1/15,34,8.16,25,0,0,
PM Sarvesh Kumar,2008-2008,2,2,5.0,0,42,1,1/18,42,8.4,30,0,0,
H Sharma,2023-2024,2,2,5.0,0,57,0,-,-,11.4,-,0,0,
NB Singh,2017-2017,2,2,4.0,0,15,1,1/7,15,3.75,24,0,0,
PH Solanki,2022-2022,2,2,6.0,0,38,2,2/20,19,6.33,18,0,0,
S Sriram,2010-2011,2,2,3.0,0,49,0,-,-,16.33,-,0,0,
A Uniyal,2010-2010,2,2,6.0,0,66,2,2/41,33,11,18,0,0,
LB Williams,2024-2024,2,2,6.0,0,72,1,1/38,72,12,36,0,0,
L Wood,2024-2024,2,2,6.0,0,93,1,1/68,93,15.5,36,0,0,
VS Yeligati,2008-2008,2,2,5.0,0,59,0,-,-,11.8,-,0,0,
T Banton,2020-2020,2,-,-,-,-,-,-,-,-,-,-,-,
UA Birla,2013-2013,2,-,-,-,-,-,-,-,-,-,-,-,
P Chopra,2018-2019,2,-,-,-,-,-,-,-,-,-,-,-,
T Dahiya,2026-2026,2,-,-,-,-,-,-,-,-,-,-,-,
AN Ghosh,2009-2009,2,-,-,-,-,-,-,-,-,-,-,-,
PSP Handscomb,2016-2016,2,-,-,-,-,-,-,-,-,-,-,-,
DS Lehmann,2008-2008,2,-,-,-,-,-,-,-,-,-,-,-,
DV Malewar,2026-2026,2,-,-,-,-,-,-,-,-,-,-,-,
TD Paine,2011-2011,2,-,-,-,-,-,-,-,-,-,-,-,
DT Patil,2008-2008,2,-,-,-,-,-,-,-,-,-,-,-,
MDKJ Perera,2013-2013,2,-,-,-,-,-,-,-,-,-,-,-,
SS Shaikh,2009-2009,2,-,-,-,-,-,-,-,-,-,-,-,
DR Shorey,2018-2019,2,-,-,-,-,-,-,-,-,-,-,-,
Abdur Razzak,2008-2008,1,1,2.0,0,29,0,-,-,14.5,-,0,0,
SS Agarwal,2017-2017,1,1,4.0,0,42,1,1/42,42,10.5,24,0,0,
RR Bhatkal,2012-2012,1,1,2.0,0,35,0,-,-,17.5,-,0,0,
RR Bose,2009-2009,1,1,2.0,0,24,0,-,-,12,-,0,0,
DAJ Bracewell,2012-2012,1,1,4.0,0,32,3,3/32,10.66,8,8,0,0,
CJ Dala,2018-2018,1,1,3.0,0,34,0,-,-,11.33,-,0,0,
A Dananjaya,2018-2018,1,1,4.0,0,47,0,-,-,11.75,-,0,0,
BJ Dwarshuis,2026-2026,1,1,4.0,0,51,1,1/51,51,12.75,24,0,0,
C Ganapathy,2010-2010,1,1,1.0,0,13,0,-,-,13,-,0,0,
RS Ghosh,2026-2026,1,1,3.0,0,24,1,1/24,24,8,18,0,0,
R Goyal,2023-2023,1,1,4.0,0,33,0,-,-,8.25,-,0,0,
CJ Green,2020-2020,1,1,2.5,0,24,0,-,-,8.47,-,0,0,
Sunny Gupta,2012-2012,1,1,3.0,0,47,0,-,-,15.66,-,0,0,
Gurnoor Brar,2023-2023,1,1,3.0,0,42,0,-,-,14,-,0,0,
D Jansen,2023-2023,1,1,4.0,0,53,1,1/53,53,13.25,24,0,0,
S Joseph,2024-2024,1,1,4.0,0,47,0,-,-,11.75,-,0,0,
Karim Janat,2025-2025,1,1,1.0,0,30,0,-,-,30,-,0,0,
V Kaverappa,2024-2024,1,1,4.0,0,36,2,2/36,18,9,12,0,0,
AA Kazi,2011-2011,1,1,2.0,0,21,0,-,-,10.5,-,0,0,
D Madushanka,2026-2026,1,1,4.0,0,36,1,1/36,36,9,24,0,0,
I Malhotra,2011-2011,1,1,1.0,0,23,0,-,-,23,-,0,0,
Mashrafe Mortaza,2009-2009,1,1,4.0,0,58,0,-,-,14.5,-,0,0,
LI Meriwala,2021-2021,1,1,3.0,0,32,1,1/32,32,10.66,18,0,0,
S Midhun,2019-2019,1,1,2.0,0,27,0,-,-,13.5,-,0,0,
Mohit Rathee,2023-2023,1,1,2.0,0,29,0,-,-,14.5,-,0,0,
Monu Kumar,2020-2020,1,1,2.0,0,20,0,-,-,10,-,0,0,
PWA Mulder,2025-2025,1,1,1.0,0,16,0,-,-,16,-,0,0,
SS Mundhe,2011-2011,1,1,1.0,0,6,1,1/6,6,6,6,0,0,
Musheer Khan,2025-2025,1,1,2.0,0,27,1,1/27,27,13.5,12,0,0,
GR Napier,2009-2009,1,1,4.0,0,27,1,1/27,27,6.75,24,0,0,
A Nel,2008-2008,1,1,3.0,0,31,1,1/31,31,10.33,18,0,0,
MG Neser,2013-2013,1,1,4.0,0,62,0,-,-,15.5,-,0,0,
AA Noffke,2008-2008,1,1,4.0,0,40,1,1/40,40,10,24,0,0,
MB Parmar,2010-2010,1,1,3.0,0,33,0,-,-,11,-,0,0,
IC Porel,2021-2021,1,1,4.0,0,39,1,1/39,39,9.75,24,0,0,
P Prasanth,2011-2011,1,1,1.0,0,18,0,-,-,18,-,0,0,
RW Price,2011-2011,1,1,3.0,0,33,0,-,-,11,-,0,0,
P Ray Barman,2019-2019,1,1,4.0,0,56,0,-,-,14,-,0,0,
NJ Rimmington,2011-2011,1,1,3.0,0,19,0,-,-,6.33,-,0,0,
R Sanjay Yadav,2022-2022,1,1,2.0,0,23,0,-,-,11.5,-,0,0,
Jalaj S Saxena,2021-2021,1,1,3.0,0,27,0,-,-,9,-,0,0,
RA Shaikh,2009-2009,1,1,1.0,0,11,0,-,-,11,-,0,0,
Tejas Baroka,2017-2017,1,1,3.3,0,33,0,-,-,9.42,-,0,0,
T Vijay,2026-2026,1,1,2.0,0,29,0,-,-,14.5,-,0,0,
AR Bawne,2017-2017,1,-,-,-,-,-,-,-,-,-,-,-,
Abdul Basith,2023-2023,1,-,-,-,-,-,-,-,-,-,-,-,
MS Bhandage,2025-2025,1,-,-,-,-,-,-,-,-,-,-,-,
DM Bravo,2017-2017,1,-,-,-,-,-,-,-,-,-,-,-,
MP Breetzke,2025-2025,1,-,-,-,-,-,-,-,-,-,-,-,
H Das,2008-2008,1,-,-,-,-,-,-,-,-,-,-,-,
JL Denly,2019-2019,1,-,-,-,-,-,-,-,-,-,-,-,
KH Devdhar,2011-2011,1,-,-,-,-,-,-,-,-,-,-,-,
P Dharmani,2008-2008,1,-,-,-,-,-,-,-,-,-,-,-,
BJ Haddin,2011-2011,1,-,-,-,-,-,-,-,-,-,-,-,
TK Kotian,2024-2024,1,-,-,-,-,-,-,-,-,-,-,-,
SD Lad,2019-2019,1,-,-,-,-,-,-,-,-,-,-,-,
Litton Das,2023-2023,1,-,-,-,-,-,-,-,-,-,-,-,
C Madan,2010-2010,1,-,-,-,-,-,-,-,-,-,-,-,
DJ Malan,2021-2021,1,-,-,-,-,-,-,-,-,-,-,-,
DR Martyn,2010-2010,1,-,-,-,-,-,-,-,-,-,-,-,
Mayank Rawat,2026-2026,1,-,-,-,-,-,-,-,-,-,-,-,
BKG Mendis,2025-2025,1,-,-,-,-,-,-,-,-,-,-,-,
T Mishra,2012-2012,1,-,-,-,-,-,-,-,-,-,-,-,
Mohammad Ashraful,2009-2009,1,-,-,-,-,-,-,-,-,-,-,-,
MJ Owen,2025-2025,1,-,-,-,-,-,-,-,-,-,-,-,
RV Pawar,2008-2008,1,-,-,-,-,-,-,-,-,-,-,-,
KS Rathore,2025-2025,1,-,-,-,-,-,-,-,-,-,-,-,
Ravi Singh,2026-2026,1,-,-,-,-,-,-,-,-,-,-,-,
Sediqullah Atal,2025-2025,1,-,-,-,-,-,-,-,-,-,-,-,
BR Sharath,2024-2024,1,-,-,-,-,-,-,-,-,-,-,-,
Shivam Singh,2024-2024,1,-,-,-,-,-,-,-,-,-,-,-,
X Thalaivan Sargunam,2013-2013,1,-,-,-,-,-,-,-,-,-,-,-,
A Tomar,2022-2022,1,-,-,-,-,-,-,-,-,-,-,-,
Younis Khan,2008-2008,1,-,-,-,-,-,-,-,-,-,-,-,
