No.,Name,Country,Role,No. of IPL matches,Category,Base price ( ₹ lakhs ),2025 IPL team,Auctioned price ( ₹ lakhs ),2024 IPL team,Auction_Set
1,Jos Buttler,England,Wicket-keeper,107,Capped,200,Gujarat Titans,1575,Rajasthan Royals,
2,Shreyas Iyer,India,Batter,116,Capped,200,Punjab Kings,2675,Kolkata Knight Riders,
3,Rishabh Pant,India,Batter,111,Capped,200,Lucknow Super Giants,2700,Delhi Capitals,
4,Kagiso Rabada,South Africa,Bowler,80,Capped,200,Gujarat Titans,1075,Punjab Kings,
5,Arshdeep Singh †,India,Bowler,65,Capped,200,Punjab Kings,1800,Punjab Kings,
6,Mitchell Starc,Australia,Bowler,41,Capped,200,Delhi Capitals,1175,Kolkata Knight Riders,
7,Yuzvendra Chahal,India,Bowler,160,Capped,200,Punjab Kings,1800,Rajasthan Royals,
8,Liam Livingstone,England,All-rounder,39,Capped,200,Royal Challengers Bengaluru,875,Punjab Kings,
9,David Miller,South Africa,Batter,130,Capped,150,Lucknow Super Giants,750,Gujarat Titans,
10,KL Rahul,India,Wicket-keeper,132,Capped,200,Delhi Capitals,1400,Lucknow Super Giants,
11,Mohammed Shami,India,Bowler,110,Capped,200,Sunrisers Hyderabad,1000,Gujarat Titans,
12,Mohammed Siraj,India,Bowler,93,Capped,200,Gujarat Titans,1225,Royal Challengers Bengaluru,
13,Harry Brook,England,,11,,200,Delhi Capitals,625,Delhi Capitals,
14,Devon Conway,New Zealand,,23,,200,Chennai Super Kings,625,Chennai Super Kings,
15,Jake Fraser-McGurk †,Australia,,9,,200,Delhi Capitals,900,Delhi Capitals,
16,Aiden Markram,South Africa,,44,,200,Lucknow Super Giants,200,Sunrisers Hyderabad,
17,Devdutt Padikkal,India,,64,,200,Royal Challengers Bengaluru,200,Lucknow Super Giants,
18,Rahul Tripathi,India,,95,,75,Chennai Super Kings,340,Sunrisers Hyderabad,
20,Ravichandran Ashwin,India,,212,,200,Chennai Super Kings,975,Rajasthan Royals,
21,Venkatesh Iyer,India,,51,,200,Kolkata Knight Riders,2375,Kolkata Knight Riders,
22,Mitchell Marsh,Australia,,42,,200,Lucknow Super Giants,340,Delhi Capitals,
23,Glenn Maxwell,Australia,,134,,200,Punjab Kings,420,Royal Challengers Bengaluru,
24,Harshal Patel,India,,106,,200,Sunrisers Hyderabad,800,Punjab Kings,
25,Rachin Ravindra †,New Zealand,,10,,150,Chennai Super Kings,400,Chennai Super Kings,
26,Marcus Stoinis,Australia,,96,,200,Punjab Kings,1100,Lucknow Super Giants,
28,Quinton de Kock,South Africa,,107,,200,Kolkata Knight Riders,360,Lucknow Super Giants,
29,Rahmanullah Gurbaz,Afghanistan,,14,,200,Kolkata Knight Riders,200,Kolkata Knight Riders,
30,Ishan Kishan,India,,104,,200,Sunrisers Hyderabad,1125,Mumbai Indians,
31,Phil Salt,England,,21,,200,Royal Challengers Bengaluru,1150,Kolkata Knight Riders,
32,Jitesh Sharma,India,,40,,100,Royal Challengers Bengaluru,1100,Punjab Kings,
33,Khaleel Ahmed,India,,57,,200,Chennai Super Kings,480,Delhi Capitals,
575*,Jofra Archer,England,,40,,200,Rajasthan Royals,1250,— N/a,
34,Trent Boult,New Zealand,,104,,200,Mumbai Indians,1250,Rajasthan Royals,
35,Josh Hazlewood,Australia,,27,,200,Royal Challengers Bengaluru,1250,— N/a,
36,Avesh Khan,India,,63,,200,Lucknow Super Giants,975,Rajasthan Royals,
37,Prasidh Krishna,India,,51,,200,Gujarat Titans,950,Rajasthan Royals,
38,T. Natarajan,India,,61,,200,Delhi Capitals,1075,Sunrisers Hyderabad,
39,Anrich Nortje,South Africa,,46,,200,Kolkata Knight Riders,650,Delhi Capitals,
40,Noor Ahmad,Afghanistan,,23,,200,Chennai Super Kings,1000,Gujarat Titans,
41,Rahul Chahar,India,,78,,100,Sunrisers Hyderabad,320,Punjab Kings,
42,Wanindu Hasaranga,Sri Lanka,,26,,200,Rajasthan Royals,525,Sunrisers Hyderabad,
44,Maheesh Theekshana,Sri Lanka,,27,,200,Rajasthan Royals,440,Chennai Super Kings,
45,Adam Zampa,Australia,,20,,200,Sunrisers Hyderabad,240,Rajasthan Royals,
47,Abhinav Manohar,India,,18,,30,Sunrisers Hyderabad,320,Gujarat Titans,
48,Karun Nair,India,,76,,30,Delhi Capitals,50,— N/a,
49,Angkrish Raghuvanshi,India,,10,,30,Kolkata Knight Riders,300,Kolkata Knight Riders,
51,Atharva Taide,India,,9,,30,Sunrisers Hyderabad,30,Punjab Kings,
52,Nehal Wadhera,India,,20,,30,Punjab Kings,420,Mumbai Indians,
53,Harpreet Brar,India,,41,,30,Punjab Kings,150,Punjab Kings,
54,Naman Dhir †,India,,7,,30,Mumbai Indians,525,Mumbai Indians,
55,Mahipal Lomror,India,,40,,30,Gujarat Titans,170,Royal Challengers Bengaluru,
56,Sameer Rizvi,India,,9,,30,Delhi Capitals,95,Chennai Super Kings,
57,Abdul Samad,India,,50,,30,Lucknow Super Giants,420,Sunrisers Hyderabad,
58,Vijay Shankar,India,,72,,30,Chennai Super Kings,120,Gujarat Titans,
59,Ashutosh Sharma,India,,11,,30,Delhi Capitals,380,Punjab Kings,
60,Nishant Sindhu,India,,— N/a,,30,Gujarat Titans,30,Chennai Super Kings,
62,Aryan Juyal,India,,— N/a,,30,Lucknow Super Giants,30,— N/a,
63,Kumar Kushagra,India,,— N/a,,30,Gujarat Titans,65,Gujarat Titans,
64,Robin Minz,India,,— N/a,,30,Mumbai Indians,65,Gujarat Titans,
65,Anuj Rawat,India,,24,,30,Gujarat Titans,30,Royal Challengers Bengaluru,
66,Luvnith Sisodia,India,,— N/a,,30,Kolkata Knight Riders,30,— N/a,
67,Vishnu Vinod,India,,6,,30,Punjab Kings,95,Mumbai Indians,
69,Vaibhav Arora,India,,20,,30,Kolkata Knight Riders,180,Kolkata Knight Riders,
70,Rasikh Salam Dar,India,,11,,30,Royal Challengers Bengaluru,600,Delhi Capitals,
71,Akash Madhwal,India,,12,,30,Rajasthan Royals,120,Mumbai Indians,
72,Mohit Sharma,India,,111,,50,Delhi Capitals,220,Gujarat Titans,
73,Simarjeet Singh,India,,10,,30,Sunrisers Hyderabad,150,Chennai Super Kings,
74,Yash Thakur,India,,19,,30,Punjab Kings,160,Lucknow Super Giants,
76,Vijaykumar Vyshak,India,,11,,30,Punjab Kings,180,Royal Challengers Bengaluru,
78,Shreyas Gopal,India,,52,,30,Chennai Super Kings,30,Mumbai Indians,
79,Mayank Markande,India,,37,,30,Kolkata Knight Riders,30,Sunrisers Hyderabad,
80,Suyash Sharma,India,,13,,30,Royal Challengers Bengaluru,260,Kolkata Knight Riders,
81,Karn Sharma,India,,84,,50,Mumbai Indians,50,Royal Challengers Bengaluru,
82,Kumar Kartikeya,India,,12,,30,Rajasthan Royals,30,Mumbai Indians,
83,Manav Suthar,India,,— N/a,,30,Gujarat Titans,30,Gujarat Titans,
85,Faf du Plessis,South Africa,,145,,200,Delhi Capitals,200,Royal Challengers Bengaluru,
86,Glenn Phillips,New Zealand,,8,,200,Gujarat Titans,200,Sunrisers Hyderabad,
87,Rovman Powell,West Indies,,27,,150,Kolkata Knight Riders,150,Rajasthan Royals,
88,Ajinkya Rahane,India,,185,,150,Kolkata Knight Riders,150,Chennai Super Kings,
91,Sam Curran,England,,59,,200,Chennai Super Kings,240,Punjab Kings,
92,Marco Jansen,South Africa,,21,,125,Punjab Kings,700,Sunrisers Hyderabad,
94,Krunal Pandya,India,,127,,200,Royal Challengers Bengaluru,575,Lucknow Super Giants,
95,Nitish Rana,India,,107,,150,Rajasthan Royals,420,Kolkata Knight Riders,
96,Washington Sundar,India,,61,,200,Gujarat Titans,320,Sunrisers Hyderabad,
100,Donovan Ferreira,South Africa,,2,,75,Delhi Capitals,75,Rajasthan Royals,
102,Josh Inglis,Australia,,— N/a,,200,Punjab Kings,260,— N/a,
103,Ryan Rickelton,South Africa,,— N/a,,100,Mumbai Indians,100,— N/a,
104,Deepak Chahar,India,,81,,200,Mumbai Indians,925,Chennai Super Kings,
105,Gerald Coetzee,South Africa,,10,,125,Gujarat Titans,240,Mumbai Indians,
106,Akash Deep,India,,8,,100,Lucknow Super Giants,800,Royal Challengers Bengaluru,
107,Tushar Deshpande,India,,36,,100,Rajasthan Royals,650,Chennai Super Kings,
108,Lockie Ferguson,New Zealand,,45,,200,Punjab Kings,200,Royal Challengers Bengaluru,
109,Bhuvneshwar Kumar,India,,176,,200,Royal Challengers Bengaluru,1075,Sunrisers Hyderabad,
110,Mukesh Kumar †,India,,20,,200,Delhi Capitals,800,Delhi Capitals,
111,Allah Ghazanfar,Afghanistan,,— N/a,,75,Mumbai Indians,480,Kolkata Knight Riders,
118,Swastik Chikara,India,Batter,— N/a,Uncapped,30,Royal Challengers Bengaluru,30,Delhi Capitals,
120,Shubham Dubey,India,Batter,4,Uncapped,30,Rajasthan Royals,80,Rajasthan Royals,
123,Shaik Rasheed,India,Batter,— N/a,Uncapped,30,Chennai Super Kings,30,Chennai Super Kings,
124,Himmat Singh,India,Batter,— N/a,Uncapped,30,Lucknow Super Giants,30,— N/a,
126,Anshul Kamboj,India,All-rounder,3,Uncapped,30,Chennai Super Kings,340,Mumbai Indians,
127,Arshad Khan,India,All-rounder,10,Uncapped,30,Gujarat Titans,130,Lucknow Super Giants,
128,Darshan Nalkande,India,All-rounder,5,Uncapped,30,Delhi Capitals,30,Gujarat Titans,
130,Anukul Roy,India,All-rounder,11,Uncapped,30,Kolkata Knight Riders,40,Kolkata Knight Riders,
131,Swapnil Singh †,India,All-rounder,14,Uncapped,30,Royal Challengers Bengaluru,50,Royal Challengers Bengaluru,
134,Vansh Bedi,India,Wicket-keeper,— N/a,Uncapped,30,Chennai Super Kings,55,— N/a,
138,Kunal Rathore,India,Wicket-keeper,— N/a,Uncapped,30,Rajasthan Royals,30,Rajasthan Royals,
140,Gurnoor Brar,India,Bowler,1,Uncapped,30,Gujarat Titans,130,Gujarat Titans,
141,Mukesh Choudhary,India,Bowler,14,Uncapped,30,Chennai Super Kings,30,Chennai Super Kings,
146,Arjun Tendulkar,India,Bowler,5,Uncapped,30,Mumbai Indians,30,Mumbai Indians,
147,Zeeshan Ansari,India,Bowler,— N/a,Uncapped,30,Sunrisers Hyderabad,40,— N/a,
150,Manimaran Siddharth,India,Bowler,3,Uncapped,30,Lucknow Super Giants,75,Lucknow Super Giants,
151,Digvesh Singh,India,Bowler,3,Uncapped,30,Lucknow Super Giants,30,— N/a,
157,Manish Pandey,India,Batter,171,Capped,75,Kolkata Knight Riders,75,Kolkata Knight Riders,
159,Sherfane Rutherford,West Indies,Batter,10,Capped,150,Gujarat Titans,260,Kolkata Knight Riders,
162,Shahbaz Ahmed,India,All-rounder,55,Capped,100,Lucknow Super Giants,240,Sunrisers Hyderabad,
164,Tim David,Australia,All-rounder,38,Capped,200,Royal Challengers Bengaluru,300,Mumbai Indians,
165,Deepak Hooda,India,All-rounder,118,Capped,75,Chennai Super Kings,170,Lucknow Super Giants,
166,Will Jacks,England,All-rounder,8,Capped,200,Mumbai Indians,525,Royal Challengers Bengaluru,
167,Azmatullah Omarzai,Afghanistan,All-rounder,7,Capped,150,Punjab Kings,240,Gujarat Titans,
168,Sai Kishore †,India,All-rounder,10,Capped,75,Gujarat Titans,200,Gujarat Titans,
169,Romario Shepherd,West Indies,All-rounder,10,Capped,150,Royal Challengers Bengaluru,150,Mumbai Indians,
179,Spencer Johnson,Australia,Bowler,5,Capped,200,Kolkata Knight Riders,280,Gujarat Titans,
180,Umran Malik,India,Bowler,26,Capped,75,Kolkata Knight Riders,75,Sunrisers Hyderabad,
182,Ishant Sharma,India,Bowler,109,Capped,75,Gujarat Titans,75,Delhi Capitals,
183,Nuwan Thushara,Sri Lanka,Bowler,7,Capped,75,Royal Challengers Bengaluru,160,Mumbai Indians,
185,Jaydev Unadkat,India,Bowler,105,Capped,100,Sunrisers Hyderabad,100,Sunrisers Hyderabad,
193,Sachin Baby,India,Batter,19,Uncapped,30,Sunrisers Hyderabad,30,Sunrisers Hyderabad,
195,Harnoor Singh,India,Batter,— N/a,Uncapped,30,Punjab Kings,30,— N/a,
198,Andre Siddarth,India,Batter,— N/a,Uncapped,30,Chennai Super Kings,30,— N/a,
201,Yudhvir Singh,India,All-rounder,5,Uncapped,30,Rajasthan Royals,35,Lucknow Super Giants,
203,Rajvardhan Hangargekar,India,All-rounder,2,Uncapped,30,Lucknow Super Giants,30,Chennai Super Kings,
205,Arshin Kulkarni,India,All-rounder,2,Uncapped,30,Lucknow Super Giants,30,Lucknow Super Giants,
217,Ashwani Kumar,India,Bowler,— N/a,Uncapped,30,Mumbai Indians,30,— N/a,
220,Akash Singh,India,Bowler,7,Uncapped,30,Lucknow Super Giants,30,Sunrisers Hyderabad,
221,Gurjapneet Singh,India,Bowler,2,Uncapped,30,Chennai Super Kings,220,— N/a,
231,Matthew Breetzke,South Africa,Batter,— N/a,Capped,— N/a,Lucknow Super Giants,75,— N/a,
244,Mitchell Santner,New Zealand,All-rounder,18,Capped,200,Mumbai Indians,200,Chennai Super Kings,
245,Jayant Yadav,India,All-rounder,20,Capped,75,Gujarat Titans,75,Gujarat Titans,
252,Fazalhaq Farooqi,Afghanistan,Bowler,7,Capped,200,Rajasthan Royals,200,Sunrisers Hyderabad,
256,Kwena Maphaka,South Africa,Bowler,2,Capped,75,Rajasthan Royals,150,Mumbai Indians,
257,Kuldeep Sen,India,Bowler,12,Capped,75,Punjab Kings,80,Rajasthan Royals,
258,Reece Topley,England,Bowler,5,Capped,75,Mumbai Indians,75,Royal Challengers Bengaluru,
259,Lizaad Williams,South Africa,Bowler,2,Capped,75,Mumbai Indians,75,Delhi Capitals,
269,Priyansh Arya,India,All-rounder,— N/a,Uncapped,30,Punjab Kings,380,— N/a,
270,Manoj Bhandage,India,All-rounder,— N/a,Uncapped,30,Royal Challengers Bengaluru,30,Royal Challengers Bengaluru,
271,Praveen Dubey,India,All-rounder,4,Uncapped,30,Punjab Kings,30,Delhi Capitals,
272,Ajay Mandal,India,All-rounder,— N/a,Uncapped,30,Delhi Capitals,30,Chennai Super Kings,
274,Vipraj Nigam,India,All-rounder,— N/a,Uncapped,30,Delhi Capitals,50,— N/a,
281,Krishnan Shrijith,India,All-rounder,— N/a,Uncapped,30,Mumbai Indians,30,— N/a,
296,Mohit Rathee,India,Bowler,1,Uncapped,30,Royal Challengers Bengaluru,30,— N/a,
306,Jacob Bethell,England,All-rounder,— N/a,Capped,125,Royal Challengers Bengaluru,260,— N/a,
307,Brydon Carse,England,All-rounder,— N/a,Capped,100,Sunrisers Hyderabad,100,— N/a,
308,Aaron Hardie,Australia,All-rounder,— N/a,Capped,125,Punjab Kings,125,— N/a,
311,Kamindu Mendis,Sri Lanka,All-rounder,— N/a,Capped,75,Sunrisers Hyderabad,75,— N/a,
314,Dushmantha Chameera,Sri Lanka,Bowler,13,Capped,75,Delhi Capitals,75,Lucknow Super Giants,
315,Nathan Ellis,Australia,Bowler,16,Capped,100,Chennai Super Kings,200,Punjab Kings,
316,Shamar Joseph †,West Indies,Bowler,1,Capped,75,Lucknow Super Giants,75,Lucknow Super Giants,
325,Aniket Verma,India,Batter,— N/a,Uncapped,30,Sunrisers Hyderabad,30,— N/a,
329,Raj Angad Bawa,India,All-rounder,2,Uncapped,30,Mumbai Indians,30,— N/a,
331,Musheer Khan,India,All-rounder,— N/a,Uncapped,30,Punjab Kings,30,— N/a,
332,Manvanth Kumar L,India,All-rounder,— N/a,Uncapped,30,Delhi Capitals,30,— N/a,
334,Suryansh Shedge,India,All-rounder,— N/a,Uncapped,30,Punjab Kings,30,— N/a,
346,Kulwant Khejroliya,India,Bowler,7,Uncapped,30,Gujarat Titans,30,— N/a,
350,Prince Yadav,India,All-rounder,— N/a,Uncapped,30,Lucknow Super Giants,30,— N/a,
363,Jamie Overton,England,All-rounder,— N/a,Capped,150,Chennai Super Kings,150,— N/a,
366,Xavier Bartlett,Australia,Bowler,— N/a,Capped,75,Punjab Kings,80,— N/a,
369,Lungi Ngidi,South Africa,Bowler,— N/a,Capped,30,Royal Challengers Bengaluru,100,Delhi Capitals,
382,Yuvraj Chaudhary,India,All-rounder,— N/a,Uncapped,30,Lucknow Super Giants,30,— N/a,
385,Kamlesh Nagarkoti,India,All-rounder,12,Uncapped,30,Chennai Super Kings,30,— N/a,
401,Abhinandan Singh,India,Bowler,— N/a,Uncapped,30,Royal Challengers Bengaluru,30,— N/a,
405,Karim Janat,Afghanistan,All-rounder,— N/a,Capped,30,Gujarat Titans,75,— N/a,
416,Pyla Avinash,India,Batter,— N/a,Uncapped,30,Punjab Kings,30,— N/a,
425,Ramakrishna Ghosh,India,All-rounder,— N/a,Uncapped,30,Chennai Super Kings,30,— N/a,
453,Bevon Jacobs,New Zealand,Batter,— N/a,Uncapped,30,Mumbai Indians,30,— N/a,
470,Ashok Sharma,India,Bowler,— N/a,Uncapped,30,Rajasthan Royals,30,— N/a,
491,Vaibhav Sooryavanshi,India,Batter,— N/a,Uncapped,30,Rajasthan Royals,110,— N/a,
529,Eshan Malinga,Sri Lanka,Bowler,— N/a,Uncapped,30,Sunrisers Hyderabad,120,— N/a,
557,Tripurana Vijay,India,All-rounder,— N/a,Uncapped,30,Delhi Capitals,30,— N/a,
565,Madhav Tiwari,India,All-rounder,— N/a,Uncapped,30,Delhi Capitals,40,— N/a,
572,Vignesh Puthur,India,All-rounder,— N/a,Uncapped,30,Mumbai Indians,30,— N/a,
